Edad,Nivel_Actividad,Tiempo_Miembro,Tipo_Cliente
56,0,39,Nuevo
46,3,44,Ocasional
32,4,18,Frecuente
60,4,31,Frecuente
25,6,26,Frecuente
38,2,0,Ocasional
56,2,42,Ocasional
36,1,51,Nuevo
40,1,32,Nuevo
28,4,39,Frecuente
28,2,31,Ocasional
41,0,4,Nuevo
53,3,16,Ocasional
57,2,7,Ocasional
41,6,56,Frecuente
20,2,41,Ocasional
39,5,33,Frecuente
19,1,8,Nuevo
41,6,55,Frecuente
61,3,22,Ocasional
47,4,34,Frecuente
55,6,49,Frecuente
19,2,6,Ocasional
38,4,14,Frecuente
50,2,52,Ocasional
29,4,53,Frecuente
39,3,19,Ocasional
61,1,49,Nuevo
42,3,24,Ocasional
44,5,2,Ocasional
59,0,59,Nuevo
45,1,54,Nuevo
33,3,45,Ocasional
32,5,23,Frecuente
64,0,33,Nuevo
61,5,45,Frecuente
20,2,21,Ocasional
54,2,10,Ocasional
24,4,47,Frecuente
38,1,7,Nuevo
26,2,38,Ocasional
56,6,42,Frecuente
35,5,34,Frecuente
21,1,48,Nuevo
42,6,45,Frecuente
31,2,37,Ocasional
26,4,7,Ocasional
43,3,53,Ocasional
19,4,36,Frecuente
37,6,26,Frecuente
45,0,27,Nuevo
64,2,39,Ocasional
24,6,33,Frecuente
61,0,31,Nuevo
25,0,14,Nuevo
64,5,43,Frecuente
52,1,16,Nuevo
31,5,32,Frecuente
34,2,46,Ocasional
53,0,45,Nuevo
57,6,51,Frecuente
21,3,53,Ocasional
19,0,15,Nuevo
23,6,28,Frecuente
59,3,8,Ocasional
21,5,32,Frecuente
46,5,59,Frecuente
35,1,48,Nuevo
43,6,28,Frecuente
61,0,12,Nuevo
51,4,20,Frecuente
27,5,57,Frecuente
53,5,20,Frecuente
31,1,4,Nuevo
48,3,9,Ocasional
32,1,5,Nuevo
25,0,55,Nuevo
31,6,50,Frecuente
40,2,56,Ocasional
57,2,12,Ocasional
38,6,0,Ocasional
33,3,19,Ocasional
62,5,56,Frecuente
35,3,46,Ocasional
64,5,45,Frecuente
41,5,7,Ocasional
43,2,9,Ocasional
42,3,8,Ocasional
62,1,48,Nuevo
58,5,40,Frecuente
46,4,2,Ocasional
32,4,10,Ocasional
62,1,11,Nuevo
18,4,9,Ocasional
42,0,24,Nuevo
24,5,48,Frecuente
26,1,48,Nuevo
41,3,24,Ocasional
18,5,10,Ocasional
61,1,53,Nuevo
25,2,35,Ocasional
41,3,38,Ocasional
28,2,52,Ocasional
34,5,25,Frecuente
25,3,13,Ocasional
52,4,38,Frecuente
52,1,55,Nuevo
50,5,39,Frecuente
22,0,0,Nuevo
59,3,55,Ocasional
56,3,53,Ocasional
58,6,3,Ocasional
45,5,29,Frecuente
24,5,11,Ocasional
26,2,55,Ocasional
25,6,34,Frecuente
29,4,12,Frecuente
51,2,51,Ocasional
50,6,30,Frecuente
40,2,37,Ocasional
41,4,42,Frecuente
54,6,22,Frecuente
52,6,3,Ocasional
61,0,51,Nuevo
57,2,15,Ocasional
39,2,6,Ocasional
44,3,21,Ocasional
52,4,28,Frecuente
18,1,10,Nuevo
52,0,55,Nuevo
54,6,32,Frecuente
64,6,57,Frecuente
31,6,28,Frecuente
20,0,58,Nuevo
18,6,38,Frecuente
22,6,11,Ocasional
43,4,6,Ocasional
31,5,58,Frecuente
56,5,54,Frecuente
44,3,38,Ocasional
26,3,41,Ocasional
32,6,47,Frecuente
32,4,25,Frecuente
43,6,39,Frecuente
59,3,8,Ocasional
30,0,40,Nuevo
49,0,33,Nuevo
56,1,44,Nuevo
49,5,12,Frecuente
21,4,54,Frecuente
47,2,54,Ocasional
54,5,35,Frecuente
40,2,24,Ocasional
56,1,23,Nuevo
62,1,43,Nuevo
32,6,16,Frecuente
60,3,1,Ocasional
46,1,12,Nuevo
53,1,30,Nuevo
30,2,28,Ocasional
49,3,49,Ocasional
24,1,27,Nuevo
39,5,59,Frecuente
45,1,26,Nuevo
19,3,14,Ocasional
59,6,30,Frecuente
62,4,39,Frecuente
23,3,14,Ocasional
45,2,32,Ocasional
45,4,19,Frecuente
61,5,41,Frecuente
61,0,11,Nuevo
37,3,36,Ocasional
47,6,8,Ocasional
28,2,22,Ocasional
45,5,7,Ocasional
42,4,31,Frecuente
56,5,47,Frecuente
50,3,13,Ocasional
18,1,26,Nuevo
44,6,24,Frecuente
30,3,12,Ocasional
58,0,54,Nuevo
20,3,20,Ocasional
56,4,44,Frecuente
23,4,30,Frecuente
25,3,36,Ocasional
44,4,47,Frecuente
26,1,57,Nuevo
54,5,42,Frecuente
50,3,53,Ocasional
59,6,4,Ocasional
61,1,12,Nuevo
41,5,27,Frecuente
32,6,42,Frecuente
49,6,24,Frecuente
49,6,50,Frecuente
41,5,34,Frecuente
58,1,46,Nuevo
29,6,38,Frecuente
56,6,6,Ocasional
19,2,37,Ocasional
20,3,31,Ocasional
54,5,2,Ocasional
34,5,44,Frecuente
19,4,38,Frecuente
19,5,36,Frecuente
45,1,54,Nuevo
40,5,49,Frecuente
54,2,21,Ocasional
49,3,7,Ocasional
50,3,16,Ocasional
18,5,51,Frecuente
36,6,26,Frecuente
19,0,32,Nuevo
61,0,45,Nuevo
43,6,16,Frecuente
49,6,41,Frecuente
23,6,11,Ocasional
49,1,47,Nuevo
21,0,45,Nuevo
28,6,26,Frecuente
34,1,47,Nuevo
55,4,7,Ocasional
41,1,22,Nuevo
22,0,59,Nuevo
51,5,41,Frecuente
23,4,48,Frecuente
39,0,58,Nuevo
28,1,28,Nuevo
33,2,49,Ocasional
50,3,19,Ocasional
26,0,15,Nuevo
23,6,16,Frecuente
33,1,15,Nuevo
46,6,18,Frecuente
20,6,55,Frecuente
37,6,55,Frecuente
53,6,7,Ocasional
36,6,37,Frecuente
43,4,37,Frecuente
20,0,52,Nuevo
36,0,28,Nuevo
37,3,40,Ocasional
49,1,35,Nuevo
24,2,25,Ocasional
58,4,30,Frecuente
50,1,43,Nuevo
57,4,59,Frecuente
56,0,11,Nuevo
35,6,54,Frecuente
57,3,16,Ocasional
18,3,14,Ocasional
28,5,8,Ocasional
45,2,38,Ocasional
42,3,41,Ocasional
40,6,47,Frecuente
48,0,11,Nuevo
47,2,31,Ocasional
59,1,24,Nuevo
52,6,38,Frecuente
24,6,17,Frecuente
33,3,14,Ocasional
43,2,31,Ocasional
19,0,5,Nuevo
18,5,57,Frecuente
29,4,43,Frecuente
22,4,42,Frecuente
54,0,51,Nuevo
49,0,34,Nuevo
26,4,33,Frecuente
58,5,37,Frecuente
52,2,55,Ocasional
36,4,53,Frecuente
33,0,56,Nuevo
20,3,4,Ocasional
37,1,17,Nuevo
41,5,15,Frecuente
50,6,7,Ocasional
41,5,24,Frecuente
28,3,31,Ocasional
25,3,25,Ocasional
53,6,51,Frecuente
55,0,21,Nuevo
57,4,30,Frecuente
37,2,42,Ocasional
52,5,9,Ocasional
42,6,55,Frecuente
52,5,56,Frecuente
42,3,11,Ocasional
46,4,52,Frecuente
35,5,27,Frecuente
63,2,5,Ocasional
35,3,58,Ocasional
19,2,19,Ocasional
52,4,4,Ocasional
33,5,22,Frecuente
58,1,8,Nuevo
53,5,57,Frecuente
50,4,58,Frecuente
21,5,28,Frecuente
50,6,15,Frecuente
31,5,53,Frecuente
38,0,45,Nuevo
37,5,21,Frecuente
25,5,7,Ocasional
24,2,58,Ocasional
20,1,19,Nuevo
34,2,50,Ocasional
50,2,13,Ocasional
29,3,38,Ocasional
39,0,36,Nuevo
39,2,49,Ocasional
63,6,33,Frecuente
47,4,10,Ocasional
55,6,53,Frecuente
55,4,39,Frecuente
62,5,32,Frecuente
25,3,30,Ocasional
44,0,58,Nuevo
44,6,53,Frecuente
51,0,43,Nuevo
38,6,33,Frecuente
47,5,49,Frecuente
50,4,6,Ocasional
45,1,57,Nuevo
64,3,48,Ocasional
50,6,53,Frecuente
22,6,22,Frecuente
36,5,45,Frecuente
21,3,55,Ocasional
52,4,6,Ocasional
34,4,53,Frecuente
61,6,24,Frecuente
45,1,2,Nuevo
47,1,58,Nuevo
46,0,37,Nuevo
63,3,19,Ocasional
23,3,33,Ocasional
52,4,48,Frecuente
58,0,43,Nuevo
54,5,43,Frecuente
41,3,29,Ocasional
46,0,16,Nuevo
63,0,58,Nuevo
48,6,9,Ocasional
52,4,34,Frecuente
50,0,19,Nuevo
38,1,17,Nuevo
49,1,44,Nuevo
40,2,43,Ocasional
50,4,26,Frecuente
20,6,58,Frecuente
35,5,58,Frecuente
42,2,48,Ocasional
59,1,35,Nuevo
48,6,22,Frecuente
20,2,31,Ocasional
57,4,9,Ocasional
63,6,10,Ocasional
41,4,37,Frecuente
49,0,5,Nuevo
64,3,58,Ocasional
39,0,40,Nuevo
40,4,46,Frecuente
19,6,33,Frecuente
44,1,35,Nuevo
59,5,36,Frecuente
19,1,16,Nuevo
43,6,39,Frecuente
34,0,39,Nuevo
57,5,53,Frecuente
50,6,11,Ocasional
26,4,20,Frecuente
60,1,39,Nuevo
56,4,18,Frecuente
46,5,2,Ocasional
59,5,17,Frecuente
43,1,52,Nuevo
52,4,50,Frecuente
42,2,18,Ocasional
41,4,46,Frecuente
30,5,5,Ocasional
24,4,15,Frecuente
53,6,7,Ocasional
62,0,47,Nuevo
37,2,17,Ocasional
18,3,51,Ocasional
25,6,47,Frecuente
63,0,42,Nuevo
33,3,38,Ocasional
31,1,48,Nuevo
29,3,48,Ocasional
40,6,11,Ocasional
32,4,44,Frecuente
45,6,9,Ocasional
51,3,6,Ocasional
19,5,45,Frecuente
49,0,54,Nuevo
40,0,0,Nuevo
39,3,48,Ocasional
42,0,35,Nuevo
39,5,20,Frecuente
39,6,36,Frecuente
59,0,51,Nuevo
23,3,23,Ocasional
32,2,54,Ocasional
60,2,24,Ocasional
54,1,6,Nuevo
50,0,41,Nuevo
25,6,16,Frecuente
61,3,28,Ocasional
61,0,29,Nuevo
22,4,6,Ocasional
56,5,32,Frecuente
21,0,6,Nuevo
23,0,57,Nuevo
62,2,23,Ocasional
49,5,10,Ocasional
47,3,8,Ocasional
64,0,11,Nuevo
52,2,34,Ocasional
57,1,3,Nuevo
33,5,35,Frecuente
30,2,27,Ocasional
59,2,56,Ocasional
47,6,12,Frecuente
36,2,22,Ocasional
34,6,18,Frecuente
36,0,41,Nuevo
45,0,36,Nuevo
43,1,38,Nuevo
54,4,23,Frecuente
43,4,15,Frecuente
40,4,32,Frecuente
26,6,11,Ocasional
29,5,33,Frecuente
18,5,6,Ocasional
18,1,10,Nuevo
64,5,30,Frecuente
51,4,28,Frecuente
49,4,12,Frecuente
42,2,30,Ocasional
57,5,1,Ocasional
62,0,38,Nuevo
18,0,14,Nuevo
33,2,56,Ocasional
56,2,10,Ocasional
22,2,33,Ocasional
39,0,38,Nuevo
46,4,3,Ocasional
20,2,10,Ocasional
29,1,28,Nuevo
43,6,1,Ocasional
33,2,15,Ocasional
54,6,38,Frecuente
39,3,12,Ocasional
46,2,36,Ocasional
31,0,16,Nuevo
45,5,20,Frecuente
22,2,43,Ocasional
64,5,59,Frecuente
47,3,18,Ocasional
63,1,6,Nuevo
22,5,37,Frecuente
29,6,7,Ocasional
33,4,12,Frecuente
43,2,36,Ocasional
43,3,1,Ocasional
38,3,40,Ocasional
56,5,10,Ocasional
53,1,23,Nuevo
50,0,5,Nuevo
47,2,25,Ocasional
54,3,6,Ocasional
40,1,56,Nuevo
27,4,38,Frecuente
22,3,18,Ocasional
53,1,5,Nuevo
51,0,42,Nuevo
48,0,28,Nuevo
27,3,42,Ocasional
36,6,38,Frecuente
49,3,1,Ocasional
18,5,18,Frecuente
22,2,3,Ocasional
62,1,57,Nuevo
21,3,5,Ocasional
33,2,48,Ocasional
41,5,56,Frecuente
33,2,36,Ocasional
19,3,27,Ocasional
45,0,29,Nuevo
49,1,6,Nuevo
44,1,8,Nuevo
37,0,24,Nuevo
41,6,32,Frecuente
29,3,0,Ocasional
52,1,50,Nuevo
50,3,5,Ocasional
50,5,17,Frecuente
60,3,9,Ocasional
54,2,27,Ocasional
29,0,10,Nuevo
20,6,32,Frecuente
18,3,0,Ocasional
50,6,12,Frecuente
57,6,36,Frecuente
27,5,19,Frecuente
60,4,0,Ocasional
61,0,51,Nuevo
46,6,2,Ocasional
30,1,17,Nuevo
29,2,40,Ocasional
48,1,13,Nuevo
63,5,30,Frecuente
19,5,26,Frecuente
52,1,16,Nuevo
40,0,54,Nuevo
34,1,45,Nuevo
43,3,28,Ocasional
25,1,35,Nuevo
46,2,36,Ocasional
43,2,25,Ocasional
27,4,52,Frecuente
43,2,16,Ocasional
51,1,21,Nuevo
58,2,24,Ocasional
24,0,1,Nuevo
21,6,54,Frecuente
62,2,21,Ocasional
28,3,4,Ocasional
46,0,3,Nuevo
53,4,35,Frecuente
42,3,5,Ocasional
38,1,51,Nuevo
53,6,20,Frecuente
27,1,12,Nuevo
54,6,53,Frecuente
26,6,36,Frecuente
41,1,54,Nuevo
52,3,24,Ocasional
52,3,25,Ocasional
53,6,54,Frecuente
35,3,38,Ocasional
56,6,19,Frecuente
49,6,32,Frecuente
41,0,13,Nuevo
40,5,55,Frecuente
49,0,35,Nuevo
54,1,16,Nuevo
29,5,20,Frecuente
30,2,45,Ocasional
40,1,15,Nuevo
42,4,45,Frecuente
52,0,15,Nuevo
58,3,55,Ocasional
47,0,19,Nuevo
34,3,28,Ocasional
37,5,27,Frecuente
42,4,7,Ocasional
39,5,23,Frecuente
30,4,2,Ocasional
36,0,24,Nuevo
53,3,18,Ocasional
29,5,32,Frecuente
58,4,1,Ocasional
36,6,14,Frecuente
29,1,21,Nuevo
26,1,59,Nuevo
24,5,9,Ocasional
45,3,17,Ocasional
31,6,21,Frecuente
48,5,45,Frecuente
36,0,48,Nuevo
64,4,26,Frecuente
33,0,12,Nuevo
22,1,32,Nuevo
52,4,4,Ocasional
29,5,25,Frecuente
42,0,12,Nuevo
38,2,26,Ocasional
53,3,56,Ocasional
40,6,13,Frecuente
33,6,23,Frecuente
56,3,2,Ocasional
62,2,46,Ocasional
59,1,50,Nuevo
56,4,48,Frecuente
31,3,29,Ocasional
48,2,34,Ocasional
22,5,47,Frecuente
52,6,13,Frecuente
40,2,11,Ocasional
46,1,27,Nuevo
60,1,43,Nuevo
28,0,28,Nuevo
35,3,42,Ocasional
64,0,16,Nuevo
29,6,39,Frecuente
26,2,48,Ocasional
27,4,20,Frecuente
61,4,56,Frecuente
34,1,22,Nuevo
55,4,19,Frecuente
24,4,10,Ocasional
63,6,56,Frecuente
30,4,56,Frecuente
57,2,33,Ocasional
59,4,9,Ocasional
26,5,9,Ocasional
44,4,42,Frecuente
19,4,59,Frecuente
22,0,5,Nuevo
46,2,35,Ocasional
54,1,23,Nuevo
55,0,11,Nuevo
36,3,42,Ocasional
25,2,54,Ocasional
62,5,22,Frecuente
18,2,26,Ocasional
39,3,57,Ocasional
34,3,56,Ocasional
24,3,44,Ocasional
42,6,36,Frecuente
62,1,5,Nuevo
21,4,0,Ocasional
53,2,5,Ocasional
23,6,49,Frecuente
48,4,21,Frecuente
36,4,40,Frecuente
61,5,23,Frecuente
56,3,24,Ocasional
44,1,14,Nuevo
27,5,25,Frecuente
43,0,7,Nuevo
36,6,50,Frecuente
56,6,23,Frecuente
20,1,47,Nuevo
62,4,37,Frecuente
30,6,5,Ocasional
45,1,53,Nuevo
37,6,34,Frecuente
45,6,41,Frecuente
25,3,0,Ocasional
58,0,59,Nuevo
56,3,45,Ocasional
18,0,35,Nuevo
20,6,57,Frecuente
30,5,11,Ocasional
45,4,37,Frecuente
42,6,10,Ocasional
50,0,11,Nuevo
55,0,41,Nuevo
23,0,49,Nuevo
61,6,38,Frecuente
62,1,6,Nuevo
49,5,10,Ocasional
62,1,35,Nuevo
64,4,51,Frecuente
38,6,30,Frecuente
33,0,32,Nuevo
38,5,12,Frecuente
28,5,17,Frecuente
54,2,40,Ocasional
53,4,57,Frecuente
52,5,55,Frecuente
36,6,23,Frecuente
37,0,8,Nuevo
35,0,30,Nuevo
64,5,54,Frecuente
58,1,40,Nuevo
31,4,9,Ocasional
32,0,59,Nuevo
48,5,1,Ocasional
18,0,37,Nuevo
20,5,14,Frecuente
33,4,2,Ocasional
40,5,42,Frecuente
28,2,30,Ocasional
29,5,5,Ocasional
27,5,2,Ocasional
49,6,55,Frecuente
33,4,10,Ocasional
25,6,14,Frecuente
55,5,44,Frecuente
29,4,51,Frecuente
41,2,27,Ocasional
45,4,9,Ocasional
25,0,37,Nuevo
45,6,46,Frecuente
53,4,56,Frecuente
43,2,49,Ocasional
25,3,49,Ocasional
45,5,6,Ocasional
45,4,14,Frecuente
54,5,17,Frecuente
58,1,17,Nuevo
53,0,51,Nuevo
44,6,40,Frecuente
34,0,23,Nuevo
26,1,1,Nuevo
50,1,39,Nuevo
37,6,19,Frecuente
30,4,33,Frecuente
45,1,42,Nuevo
46,3,25,Ocasional
30,5,6,Ocasional
63,5,37,Frecuente
52,2,29,Ocasional
23,1,41,Nuevo
35,1,4,Nuevo
22,3,10,Ocasional
64,0,0,Nuevo
42,0,33,Nuevo
19,5,55,Frecuente
27,5,0,Ocasional
47,4,18,Frecuente
62,6,1,Ocasional
22,3,20,Ocasional
50,6,19,Frecuente
18,6,22,Frecuente
35,2,20,Ocasional
49,6,23,Frecuente
64,2,3,Ocasional
28,6,11,Ocasional
38,3,21,Ocasional
43,2,19,Ocasional
42,0,17,Nuevo
39,2,0,Ocasional
44,2,29,Ocasional
30,3,32,Ocasional
50,3,23,Ocasional
51,2,13,Ocasional
58,1,35,Nuevo
52,3,4,Ocasional
18,4,10,Ocasional
38,4,23,Frecuente
23,0,59,Nuevo
45,6,30,Frecuente
34,2,54,Ocasional
22,1,12,Nuevo
48,0,15,Nuevo
22,2,23,Ocasional
55,3,12,Ocasional
20,4,23,Frecuente
40,5,53,Frecuente
54,1,25,Nuevo
54,5,1,Ocasional
27,4,15,Frecuente
27,6,37,Frecuente
36,6,45,Frecuente
34,5,0,Ocasional
38,3,48,Ocasional
31,2,10,Ocasional
26,3,50,Ocasional
63,5,34,Frecuente
18,3,42,Ocasional
62,4,28,Frecuente
30,1,36,Nuevo
21,3,16,Ocasional
18,4,57,Frecuente
57,1,53,Nuevo
49,6,38,Frecuente
51,2,41,Ocasional
45,5,27,Frecuente
48,6,28,Frecuente
25,2,42,Ocasional
56,6,2,Ocasional
43,0,51,Nuevo
51,6,9,Ocasional
20,4,58,Frecuente
29,1,41,Nuevo
18,6,13,Frecuente
61,3,11,Ocasional
22,2,46,Ocasional
47,6,41,Frecuente
47,1,29,Nuevo
34,4,31,Frecuente
64,0,31,Nuevo
40,2,41,Ocasional
32,5,31,Frecuente
54,1,25,Nuevo
38,5,50,Frecuente
31,1,0,Nuevo
19,1,55,Nuevo
28,4,57,Frecuente
56,4,41,Frecuente
55,4,1,Ocasional
51,6,16,Frecuente
55,3,29,Ocasional
51,1,55,Nuevo
35,2,38,Ocasional
47,5,6,Ocasional
32,4,51,Frecuente
44,6,26,Frecuente
51,4,8,Ocasional
55,5,21,Frecuente
50,5,33,Frecuente
41,1,45,Nuevo
32,4,48,Frecuente
47,5,0,Ocasional
59,3,8,Ocasional
34,3,19,Ocasional
22,4,52,Frecuente
46,6,18,Frecuente
21,5,35,Frecuente
27,1,59,Nuevo
34,1,39,Nuevo
27,6,44,Frecuente
34,1,3,Nuevo
37,0,8,Nuevo
41,4,40,Frecuente
22,1,21,Nuevo
51,3,17,Ocasional
23,5,11,Ocasional
19,2,41,Ocasional
30,6,42,Frecuente
60,2,38,Ocasional
60,1,8,Nuevo
28,2,5,Ocasional
64,2,18,Ocasional
40,0,47,Nuevo
33,3,46,Ocasional
48,6,6,Ocasional
28,3,15,Ocasional
33,0,4,Nuevo
25,0,15,Nuevo
21,2,0,Ocasional
57,4,50,Frecuente
21,5,36,Frecuente
42,5,38,Frecuente
20,2,18,Ocasional
49,5,53,Frecuente
20,0,36,Nuevo
44,3,16,Ocasional
46,5,25,Frecuente
49,6,21,Frecuente
36,2,7,Ocasional
38,4,32,Frecuente
22,2,1,Ocasional
35,1,29,Nuevo
45,2,46,Ocasional
59,0,19,Nuevo
39,3,59,Ocasional
38,3,17,Ocasional
23,6,42,Frecuente
18,5,56,Frecuente
22,0,9,Nuevo
58,1,23,Nuevo
29,0,55,Nuevo
43,2,3,Ocasional
63,0,36,Nuevo
51,0,3,Nuevo
31,6,12,Frecuente
43,1,24,Nuevo
62,2,12,Ocasional
44,4,17,Frecuente
26,6,58,Frecuente
43,4,23,Frecuente
64,6,1,Ocasional
39,3,47,Ocasional
64,6,32,Frecuente
47,5,57,Frecuente
60,0,18,Nuevo
34,3,8,Ocasional
43,1,27,Nuevo
53,4,34,Frecuente
18,6,56,Frecuente
25,0,38,Nuevo
52,1,9,Nuevo
32,5,0,Ocasional
64,1,41,Nuevo
39,0,20,Nuevo
31,5,8,Ocasional
43,1,59,Nuevo
45,5,46,Frecuente
40,6,14,Frecuente
31,6,34,Frecuente
41,0,56,Nuevo
19,0,4,Nuevo
62,5,40,Frecuente
43,2,57,Ocasional
31,3,21,Ocasional
24,1,40,Nuevo
20,1,22,Nuevo
64,2,6,Ocasional
40,2,55,Ocasional
63,2,22,Ocasional
60,4,43,Frecuente
64,4,24,Frecuente
62,5,26,Frecuente
35,4,40,Frecuente
55,6,5,Ocasional
52,6,54,Frecuente
32,0,33,Nuevo
42,5,8,Ocasional
54,1,59,Nuevo
45,3,48,Ocasional
27,0,32,Nuevo
56,1,50,Nuevo
34,1,59,Nuevo
56,5,5,Ocasional
39,2,36,Ocasional
43,2,30,Ocasional
61,0,33,Nuevo
42,2,40,Ocasional
34,1,28,Nuevo
30,2,57,Ocasional
37,4,13,Frecuente
42,2,35,Ocasional
21,1,35,Nuevo
27,5,52,Frecuente
20,0,14,Nuevo
58,3,7,Ocasional
62,2,25,Ocasional
35,6,35,Frecuente
64,6,47,Frecuente
53,1,20,Nuevo
64,3,27,Ocasional
39,3,3,Ocasional
51,4,15,Frecuente
64,3,21,Ocasional
25,6,11,Ocasional
57,5,15,Frecuente
61,1,50,Nuevo
36,1,39,Nuevo
59,2,37,Ocasional
58,2,41,Ocasional
54,2,36,Ocasional
23,6,28,Frecuente
43,6,17,Frecuente
51,6,9,Ocasional
62,6,41,Frecuente
23,6,38,Frecuente
54,6,17,Frecuente
50,5,0,Ocasional
39,6,38,Frecuente
38,3,20,Ocasional
23,3,0,Ocasional
23,4,14,Frecuente
21,5,3,Ocasional
47,2,59,Ocasional
28,0,19,Nuevo
47,6,9,Ocasional
48,4,22,Frecuente
41,0,40,Nuevo
26,3,33,Ocasional
20,4,59,Frecuente
48,4,45,Frecuente
57,1,47,Nuevo
54,3,32,Ocasional
53,3,33,Ocasional
41,5,38,Frecuente
48,4,9,Ocasional
23,6,53,Frecuente
19,3,19,Ocasional
37,4,0,Ocasional
45,5,12,Frecuente
28,6,0,Ocasional
21,5,4,Ocasional
32,1,15,Nuevo
23,6,14,Frecuente
47,4,48,Frecuente
55,3,27,Ocasional
19,3,30,Ocasional
32,4,22,Frecuente
28,4,47,Frecuente
25,4,44,Frecuente
43,2,42,Ocasional
62,6,16,Frecuente
61,3,48,Ocasional
22,6,33,Frecuente
23,5,12,Frecuente
43,3,13,Ocasional
21,2,10,Ocasional
36,4,27,Frecuente
37,1,41,Nuevo
50,4,31,Frecuente
37,4,34,Frecuente
29,2,58,Ocasional
64,6,30,Frecuente
18,3,16,Ocasional
43,4,46,Frecuente
31,3,8,Ocasional
55,0,9,Nuevo
54,5,7,Ocasional
28,6,20,Frecuente
53,3,12,Ocasional
30,1,58,Nuevo
60,5,49,Frecuente
20,1,4,Nuevo
50,4,5,Ocasional
23,5,29,Frecuente
27,3,30,Ocasional
22,5,16,Frecuente
40,4,10,Ocasional
27,2,19,Ocasional
61,6,47,Frecuente
19,1,8,Nuevo
30,4,1,Ocasional
57,2,36,Ocasional
19,5,0,Ocasional
37,5,3,Ocasional
18,4,35,Frecuente
54,3,53,Ocasional
26,5,57,Frecuente
34,3,24,Ocasional
26,3,2,Ocasional
28,6,8,Ocasional
32,3,21,Ocasional
41,0,22,Nuevo
55,6,11,Ocasional
52,2,9,Ocasional
47,2,33,Ocasional
48,5,42,Frecuente
22,5,9,Ocasional
61,3,29,Ocasional
31,6,21,Frecuente
28,6,5,Ocasional
26,0,49,Nuevo
51,3,1,Ocasional
29,0,29,Nuevo
52,3,1,Ocasional
52,1,31,Nuevo
18,1,41,Nuevo
57,4,15,Frecuente
39,3,11,Ocasional
46,6,0,Ocasional
25,5,52,Frecuente
28,2,7,Ocasional
58,4,47,Frecuente
54,5,49,Frecuente
31,1,12,Nuevo
47,3,14,Ocasional
52,4,52,Frecuente
38,3,43,Ocasional
54,1,7,Nuevo
22,4,9,Ocasional
36,1,45,Nuevo
31,0,4,Nuevo
43,1,49,Nuevo
21,6,18,Frecuente
42,6,46,Frecuente
62,3,37,Ocasional
59,2,58,Ocasional
42,1,10,Nuevo
35,5,52,Frecuente
57,6,42,Frecuente
25,2,19,Ocasional
56,0,19,Nuevo
57,4,20,Frecuente
31,4,17,Frecuente
49,6,56,Frecuente
55,2,49,Ocasional
50,6,9,Ocasional
40,4,33,Frecuente
32,1,25,Nuevo
50,2,29,Ocasional
42,3,8,Ocasional
34,1,45,Nuevo
50,1,50,Nuevo
64,1,30,Nuevo
19,3,41,Ocasional
31,0,54,Nuevo
57,5,3,Ocasional
57,6,5,Ocasional
56,4,13,Frecuente
23,6,3,Ocasional
23,2,25,Ocasional
20,0,46,Nuevo
24,2,47,Ocasional
25,6,38,Frecuente
59,4,16,Frecuente
32,3,18,Ocasional
64,6,50,Frecuente
46,1,48,Nuevo
50,6,5,Ocasional
47,1,28,Nuevo
56,3,10,Ocasional
44,6,15,Frecuente
53,0,29,Nuevo
46,0,24,Nuevo
55,2,39,Ocasional
50,3,10,Ocasional
54,0,6,Nuevo
44,6,25,Frecuente
50,3,55,Ocasional
21,4,21,Frecuente
39,1,24,Nuevo
19,6,18,Frecuente
27,1,30,Nuevo
22,1,25,Nuevo
27,3,41,Ocasional
50,3,40,Ocasional
55,2,35,Ocasional
30,1,22,Nuevo
48,2,46,Ocasional
64,1,12,Nuevo
53,2,24,Ocasional
62,2,1,Ocasional
41,4,1,Ocasional
32,2,15,Ocasional
46,3,8,Ocasional
25,2,27,Ocasional
22,1,12,Nuevo
46,2,34,Ocasional
64,0,40,Nuevo
21,5,12,Frecuente
29,1,30,Nuevo
62,0,20,Nuevo
19,1,31,Nuevo
44,3,53,Ocasional
48,5,33,Frecuente
53,5,7,Ocasional
53,3,58,Ocasional
43,5,40,Frecuente
60,3,47,Ocasional
44,0,1,Nuevo
22,4,37,Frecuente
37,1,31,Nuevo
28,3,53,Ocasional
27,1,39,Nuevo
57,0,57,Nuevo
55,4,27,Frecuente
23,0,36,Nuevo
25,5,40,Frecuente
40,1,0,Nuevo
64,6,40,Frecuente
43,4,9,Ocasional
63,5,54,Frecuente
60,4,3,Ocasional
29,5,34,Frecuente
43,0,9,Nuevo
30,3,46,Ocasional
57,1,10,Nuevo
35,2,13,Ocasional
42,2,37,Ocasional
50,0,11,Nuevo
64,1,44,Nuevo
57,1,16,Nuevo
60,0,15,Nuevo
29,1,34,Nuevo
61,3,1,Ocasional
53,0,10,Nuevo
21,3,40,Ocasional
22,1,2,Nuevo
54,0,28,Nuevo
25,1,17,Nuevo
59,0,19,Nuevo
45,1,46,Nuevo
48,3,13,Ocasional
26,6,33,Frecuente
46,3,48,Ocasional
31,1,53,Nuevo
57,0,30,Nuevo
58,2,57,Ocasional
39,3,39,Ocasional
28,3,41,Ocasional
40,5,57,Frecuente
18,2,17,Ocasional
63,1,29,Nuevo
54,6,24,Frecuente
38,0,18,Nuevo
43,5,7,Ocasional
63,1,27,Nuevo
53,4,7,Ocasional
40,6,30,Frecuente
18,3,2,Ocasional
57,4,2,Ocasional
32,3,43,Ocasional
38,3,21,Ocasional
64,4,16,Frecuente
26,6,35,Frecuente
26,4,16,Frecuente
27,1,13,Nuevo
43,5,50,Frecuente
58,5,8,Ocasional
52,4,29,Frecuente
42,1,20,Nuevo
43,5,11,Ocasional
28,1,36,Nuevo
55,1,31,Nuevo
19,3,10,Ocasional
24,5,19,Frecuente
35,5,34,Frecuente
44,3,52,Ocasional
51,4,46,Frecuente
44,3,45,Ocasional
34,5,10,Ocasional
60,5,51,Frecuente
61,6,7,Ocasional
41,4,3,Ocasional
42,3,26,Ocasional
24,0,43,Nuevo
23,0,39,Nuevo
41,4,37,Frecuente
50,3,46,Ocasional
46,3,29,Ocasional
60,1,43,Nuevo
39,5,47,Frecuente
43,2,47,Ocasional
45,6,26,Frecuente
38,4,20,Frecuente
24,2,51,Ocasional
34,2,19,Ocasional
37,4,59,Frecuente
58,3,3,Ocasional
37,4,10,Ocasional
39,2,12,Ocasional
45,5,8,Ocasional
57,6,3,Ocasional
24,6,11,Ocasional
18,5,8,Ocasional
49,5,12,Frecuente
30,3,47,Ocasional
47,0,25,Nuevo
40,4,37,Frecuente
36,6,41,Frecuente
49,5,12,Frecuente
47,4,38,Frecuente
46,6,27,Frecuente
62,5,57,Frecuente
46,6,18,Frecuente
47,3,23,Ocasional
33,0,18,Nuevo
57,0,48,Nuevo
36,5,12,Frecuente
35,6,12,Frecuente
18,3,57,Ocasional
31,1,27,Nuevo
64,4,52,Frecuente
19,4,1,Ocasional
45,2,9,Ocasional
47,3,21,Ocasional
55,6,12,Frecuente
21,2,57,Ocasional
18,5,8,Ocasional
25,6,32,Frecuente
46,2,13,Ocasional
56,0,47,Nuevo
20,4,19,Frecuente
49,6,14,Frecuente
27,2,31,Ocasional
27,0,32,Nuevo
36,3,16,Ocasional
63,2,23,Ocasional
51,5,29,Frecuente
50,5,12,Frecuente
40,5,58,Frecuente
45,6,46,Frecuente
49,4,47,Frecuente
24,2,15,Ocasional
46,3,1,Ocasional
25,2,16,Ocasional
18,4,31,Frecuente
20,0,42,Nuevo
41,4,7,Ocasional
40,5,51,Frecuente
25,6,2,Ocasional
64,0,11,Nuevo
54,6,19,Frecuente
20,5,15,Frecuente
50,1,13,Nuevo
45,4,15,Frecuente
64,4,58,Frecuente
25,3,52,Ocasional
51,2,48,Ocasional
52,0,42,Nuevo
49,6,48,Frecuente
41,0,50,Nuevo
31,3,53,Ocasional
49,3,32,Ocasional
63,6,29,Frecuente
60,2,58,Ocasional
33,6,11,Ocasional
21,6,14,Frecuente
54,5,17,Frecuente
38,2,27,Ocasional
31,4,22,Frecuente
48,5,13,Frecuente
35,1,29,Nuevo
24,2,32,Ocasional
27,3,44,Ocasional
24,5,14,Frecuente
50,2,6,Ocasional
40,0,14,Nuevo
38,6,51,Frecuente
36,1,41,Nuevo
36,4,45,Frecuente
53,6,37,Frecuente
46,0,45,Nuevo
35,0,55,Nuevo
19,1,56,Nuevo
18,4,53,Frecuente
64,3,43,Ocasional
22,5,10,Ocasional
37,4,28,Frecuente
28,2,30,Ocasional
59,0,24,Nuevo
19,2,51,Ocasional
20,3,53,Ocasional
40,2,23,Ocasional
29,4,56,Frecuente
37,2,18,Ocasional
22,3,1,Ocasional
54,3,21,Ocasional
55,3,19,Ocasional
47,4,32,Frecuente
26,3,7,Ocasional
51,0,24,Nuevo
61,6,45,Frecuente
52,3,8,Ocasional
39,2,33,Ocasional
61,5,56,Frecuente
41,2,22,Ocasional
34,5,4,Ocasional
27,2,54,Ocasional
47,4,24,Frecuente
63,2,7,Ocasional
40,4,15,Frecuente
49,4,53,Frecuente
34,3,47,Ocasional
34,0,44,Nuevo
31,5,51,Frecuente
26,3,14,Ocasional
57,3,0,Ocasional
19,6,21,Frecuente
62,4,2,Ocasional
42,4,37,Frecuente
56,5,53,Frecuente
26,2,13,Ocasional
39,2,35,Ocasional
60,3,17,Ocasional
63,1,46,Nuevo
21,1,40,Nuevo
43,2,17,Ocasional
46,1,2,Nuevo
62,6,9,Ocasional
51,2,48,Ocasional
40,4,38,Frecuente
54,3,46,Ocasional
28,0,0,Nuevo
23,3,26,Ocasional
35,2,56,Ocasional
38,6,26,Frecuente
59,2,10,Ocasional
53,3,48,Ocasional
58,6,4,Ocasional
55,6,6,Ocasional
51,6,18,Frecuente
34,5,56,Frecuente
54,2,55,Ocasional
42,1,28,Nuevo
55,1,14,Nuevo
29,2,34,Ocasional
40,2,46,Ocasional
59,5,36,Frecuente
39,1,54,Nuevo
38,2,11,Ocasional
44,2,29,Ocasional
48,5,19,Frecuente
23,5,36,Frecuente
44,3,2,Ocasional
57,5,8,Ocasional
51,0,57,Nuevo
29,1,40,Nuevo
62,3,38,Ocasional
24,0,25,Nuevo
27,2,1,Ocasional
62,2,22,Ocasional
34,3,22,Ocasional
43,5,58,Frecuente
38,6,20,Frecuente
45,6,15,Frecuente
63,2,8,Ocasional
19,6,12,Frecuente
60,4,27,Frecuente
18,3,26,Ocasional
53,0,50,Nuevo
43,3,51,Ocasional
46,1,16,Nuevo
38,5,37,Frecuente
28,5,35,Frecuente
57,3,0,Ocasional
28,2,17,Ocasional
53,2,50,Ocasional
56,4,8,Ocasional
57,4,12,Frecuente
52,5,39,Frecuente
51,4,54,Frecuente
64,0,44,Nuevo
41,4,14,Frecuente
39,0,42,Nuevo
22,4,43,Frecuente
50,5,45,Frecuente
53,5,3,Ocasional
64,0,32,Nuevo
37,3,23,Ocasional
36,5,35,Frecuente
52,3,50,Ocasional
60,2,40,Ocasional
34,0,9,Nuevo
62,6,35,Frecuente
60,5,19,Frecuente
51,1,40,Nuevo
26,2,44,Ocasional
43,3,43,Ocasional
19,5,10,Ocasional
26,0,11,Nuevo
26,6,17,Frecuente
57,4,29,Frecuente
34,6,43,Frecuente
18,1,47,Nuevo
42,3,36,Ocasional
60,2,19,Ocasional
57,6,24,Frecuente
59,0,11,Nuevo
42,1,20,Nuevo
56,0,24,Nuevo
52,5,10,Ocasional
20,4,8,Ocasional
54,2,49,Ocasional
61,0,24,Nuevo
61,3,34,Ocasional
47,5,51,Frecuente
55,5,31,Frecuente
51,2,48,Ocasional
29,5,13,Frecuente
36,3,0,Ocasional
54,0,16,Nuevo
61,2,24,Ocasional
34,5,58,Frecuente
27,5,7,Ocasional
64,3,4,Ocasional
29,4,4,Ocasional
33,4,40,Frecuente
41,6,34,Frecuente
36,5,18,Frecuente
25,0,22,Nuevo
48,2,8,Ocasional
38,5,53,Frecuente
34,1,29,Nuevo
40,2,49,Ocasional
54,6,15,Frecuente
33,4,32,Frecuente
23,5,1,Ocasional
25,3,13,Ocasional
42,1,45,Nuevo
35,5,0,Ocasional
42,6,25,Frecuente
29,0,57,Nuevo
32,1,24,Nuevo
43,6,15,Frecuente
58,5,14,Frecuente
62,0,25,Nuevo
43,1,46,Nuevo
64,0,43,Nuevo
49,0,15,Nuevo
27,1,13,Nuevo
33,1,28,Nuevo
24,0,23,Nuevo
34,6,46,Frecuente
40,4,54,Frecuente
43,1,14,Nuevo
38,5,18,Frecuente
39,2,7,Ocasional
24,3,33,Ocasional
31,0,1,Nuevo
32,0,26,Nuevo
24,3,9,Ocasional
26,4,34,Frecuente
25,3,22,Ocasional
40,1,48,Nuevo
46,3,7,Ocasional
35,0,27,Nuevo
48,3,22,Ocasional
47,2,3,Ocasional
56,5,13,Frecuente
52,1,52,Nuevo
35,3,41,Ocasional
59,0,28,Nuevo
56,6,0,Ocasional
34,5,3,Ocasional
31,1,31,Nuevo
48,0,32,Nuevo
41,4,48,Frecuente
52,2,25,Ocasional
61,4,16,Frecuente
62,2,38,Ocasional
51,3,22,Ocasional
20,1,31,Nuevo
54,3,51,Ocasional
60,2,14,Ocasional
57,2,12,Ocasional
43,2,59,Ocasional
40,5,1,Ocasional
61,0,59,Nuevo
56,1,18,Nuevo
32,3,23,Ocasional
21,3,44,Ocasional
46,4,23,Frecuente
39,2,10,Ocasional
42,6,58,Frecuente
30,2,21,Ocasional
35,2,14,Ocasional
50,6,9,Ocasional
33,3,40,Ocasional
62,4,26,Frecuente
59,0,59,Nuevo
61,6,8,Ocasional
19,5,51,Frecuente
52,1,27,Nuevo
59,6,0,Ocasional
51,0,16,Nuevo
47,3,30,Ocasional
30,5,43,Frecuente
30,5,9,Ocasional
35,5,36,Frecuente
49,2,28,Ocasional
49,1,17,Nuevo
52,3,46,Ocasional
56,3,37,Ocasional
63,5,38,Frecuente
46,3,48,Ocasional
46,1,5,Nuevo
61,1,39,Nuevo
33,4,11,Ocasional
61,6,52,Frecuente
64,6,13,Frecuente
27,4,43,Frecuente
47,0,54,Nuevo
42,6,9,Ocasional
56,1,53,Nuevo
37,1,19,Nuevo
22,6,14,Frecuente
18,1,30,Nuevo
47,4,6,Ocasional
20,5,57,Frecuente
62,5,40,Frecuente
31,3,9,Ocasional
47,5,9,Ocasional
21,2,47,Ocasional
35,4,38,Frecuente
54,1,27,Nuevo
42,6,29,Frecuente
18,5,36,Frecuente
63,4,54,Frecuente
32,5,2,Ocasional
26,0,49,Nuevo
32,1,42,Nuevo
41,0,14,Nuevo
21,1,20,Nuevo
29,4,51,Frecuente
54,3,36,Ocasional
54,5,55,Frecuente
60,5,11,Ocasional
23,2,3,Ocasional
56,6,46,Frecuente
63,0,8,Nuevo
41,5,38,Frecuente
28,4,41,Frecuente
30,3,27,Ocasional
51,6,22,Frecuente
42,4,44,Frecuente
24,0,39,Nuevo
21,2,43,Ocasional
25,5,21,Frecuente
37,4,23,Frecuente
46,6,50,Frecuente
62,1,57,Nuevo
63,3,25,Ocasional
27,6,29,Frecuente
60,4,32,Frecuente
51,3,15,Ocasional
43,5,21,Frecuente
58,1,48,Nuevo
20,2,56,Ocasional
23,6,49,Frecuente
22,2,42,Ocasional
22,1,17,Nuevo
64,3,6,Ocasional
40,5,49,Frecuente
26,4,25,Frecuente
52,1,7,Nuevo
37,0,5,Nuevo
59,3,29,Ocasional
52,2,38,Ocasional
35,6,22,Frecuente
34,1,31,Nuevo
41,2,21,Ocasional
20,3,41,Ocasional
49,2,42,Ocasional
52,1,56,Nuevo
55,3,44,Ocasional
30,0,8,Nuevo
64,1,30,Nuevo
42,4,6,Ocasional
26,5,8,Ocasional
21,1,12,Nuevo
31,3,57,Ocasional
54,6,2,Ocasional
51,5,34,Frecuente
28,1,32,Nuevo
58,0,20,Nuevo
20,6,30,Frecuente
45,0,51,Nuevo
46,4,33,Frecuente
26,6,31,Frecuente
20,2,56,Ocasional
42,6,34,Frecuente
51,5,14,Frecuente
29,6,55,Frecuente
59,3,31,Ocasional
26,3,5,Ocasional
32,2,44,Ocasional
57,6,20,Frecuente
42,0,32,Nuevo
22,0,31,Nuevo
28,1,51,Nuevo
51,4,18,Frecuente
41,5,32,Frecuente
32,4,27,Frecuente
55,6,30,Frecuente
25,4,20,Frecuente
22,1,53,Nuevo
43,4,33,Frecuente
35,2,14,Ocasional
23,1,13,Nuevo
54,2,18,Ocasional
30,6,42,Frecuente
45,1,14,Nuevo
22,6,5,Ocasional
30,6,51,Frecuente
34,4,8,Ocasional
57,2,36,Ocasional
62,6,19,Frecuente
49,2,33,Ocasional
46,2,37,Ocasional
20,1,25,Nuevo
57,3,17,Ocasional
51,4,27,Frecuente
57,6,54,Frecuente
44,2,50,Ocasional
30,5,8,Ocasional
62,3,31,Ocasional
50,6,58,Frecuente
23,5,52,Frecuente
41,4,55,Frecuente
36,4,58,Frecuente
33,2,5,Ocasional
57,2,13,Ocasional
45,6,27,Frecuente
50,1,57,Nuevo
58,3,23,Ocasional
30,6,12,Frecuente
60,3,42,Ocasional
62,2,11,Ocasional
42,4,50,Frecuente
59,2,18,Ocasional
53,4,20,Frecuente
44,6,26,Frecuente
55,4,57,Frecuente
24,2,18,Ocasional
22,0,23,Nuevo
60,3,25,Ocasional
62,5,44,Frecuente
48,4,27,Frecuente
40,4,45,Frecuente
59,0,55,Nuevo
27,6,17,Frecuente
49,6,43,Frecuente
60,6,35,Frecuente
47,5,41,Frecuente
56,1,28,Nuevo
48,0,16,Nuevo
35,5,3,Ocasional
53,0,43,Nuevo
19,4,44,Frecuente
31,3,58,Ocasional
30,0,28,Nuevo
46,1,3,Nuevo
29,2,9,Ocasional
56,5,24,Frecuente
19,0,30,Nuevo
49,0,2,Nuevo
30,1,46,Nuevo
63,3,1,Ocasional
44,0,56,Nuevo
58,0,24,Nuevo
34,3,48,Ocasional
57,1,5,Nuevo
48,5,25,Frecuente
51,5,7,Ocasional
41,0,34,Nuevo
62,3,26,Ocasional
52,0,24,Nuevo
23,6,17,Frecuente
36,2,53,Ocasional
47,5,0,Ocasional
24,6,47,Frecuente
27,4,38,Frecuente
58,2,2,Ocasional
49,0,54,Nuevo
51,1,3,Nuevo
45,5,40,Frecuente
32,4,36,Frecuente
47,2,50,Ocasional
54,5,14,Frecuente
46,3,7,Ocasional
39,1,37,Nuevo
21,2,49,Ocasional
37,3,18,Ocasional
49,6,55,Frecuente
53,0,46,Nuevo
21,3,25,Ocasional
44,2,38,Ocasional
34,2,9,Ocasional
29,6,37,Frecuente
39,0,13,Nuevo
34,3,48,Ocasional
27,3,40,Ocasional
18,0,18,Nuevo
39,3,29,Ocasional
43,5,4,Ocasional
35,0,54,Nuevo
31,1,30,Nuevo
64,2,6,Ocasional
46,1,18,Nuevo
29,5,30,Frecuente
53,6,51,Frecuente
52,5,57,Frecuente
29,4,38,Frecuente
24,4,23,Frecuente
46,4,33,Frecuente
28,0,56,Nuevo
50,3,22,Ocasional
23,5,47,Frecuente
64,1,44,Nuevo
32,6,39,Frecuente
49,1,5,Nuevo
28,1,37,Nuevo
40,1,40,Nuevo
43,6,35,Frecuente
51,4,26,Frecuente
63,1,10,Nuevo
51,6,4,Ocasional
46,6,56,Frecuente
21,3,16,Ocasional
34,6,51,Frecuente
52,4,6,Ocasional
30,1,26,Nuevo
58,6,46,Frecuente
56,0,56,Nuevo
32,6,14,Frecuente
46,2,45,Ocasional
46,2,12,Ocasional
28,2,10,Ocasional
49,6,59,Frecuente
19,4,44,Frecuente
64,1,25,Nuevo
31,5,21,Frecuente
37,5,27,Frecuente
39,5,23,Frecuente
28,4,28,Frecuente
44,3,8,Ocasional
20,0,41,Nuevo
34,0,3,Nuevo
61,2,48,Ocasional
45,2,45,Ocasional
46,6,55,Frecuente
38,5,17,Frecuente
64,6,42,Frecuente
33,5,15,Frecuente
54,2,32,Ocasional
37,1,28,Nuevo
23,3,38,Ocasional
36,6,59,Frecuente
22,3,9,Ocasional
20,3,8,Ocasional
18,3,58,Ocasional
55,2,30,Ocasional
32,0,27,Nuevo
51,2,59,Ocasional
52,3,56,Ocasional
42,2,2,Ocasional
41,3,53,Ocasional
29,4,54,Frecuente
35,5,13,Frecuente
32,0,57,Nuevo
61,4,24,Frecuente
33,1,14,Nuevo
44,2,1,Ocasional
25,1,23,Nuevo
63,6,13,Frecuente
42,2,47,Ocasional
34,5,6,Ocasional
46,4,35,Frecuente
25,5,49,Frecuente
32,6,23,Frecuente
44,3,26,Ocasional
63,5,36,Frecuente
24,5,37,Frecuente
20,3,29,Ocasional
46,2,26,Ocasional
61,3,38,Ocasional
41,4,14,Frecuente
20,5,25,Frecuente
37,3,0,Ocasional
63,6,55,Frecuente
32,6,3,Ocasional
42,5,28,Frecuente
47,4,56,Frecuente
31,1,0,Nuevo
24,4,42,Frecuente
34,0,49,Nuevo
61,0,45,Nuevo
37,0,21,Nuevo
53,5,10,Ocasional
26,6,9,Ocasional
55,2,58,Ocasional
39,6,16,Frecuente
19,2,35,Ocasional
41,2,55,Ocasional
25,6,46,Frecuente
28,5,25,Frecuente
30,4,47,Frecuente
34,2,20,Ocasional
25,1,12,Nuevo
38,6,8,Ocasional
35,6,10,Ocasional
47,0,10,Nuevo
35,4,5,Ocasional
63,0,0,Nuevo
64,6,53,Frecuente
48,6,5,Ocasional
55,2,12,Ocasional
49,4,21,Frecuente
28,3,55,Ocasional
62,1,30,Nuevo
42,2,21,Ocasional
50,6,36,Frecuente
55,2,46,Ocasional
58,1,26,Nuevo
25,6,49,Frecuente
28,1,51,Nuevo
39,3,13,Ocasional
41,2,46,Ocasional
58,5,57,Frecuente
34,2,4,Ocasional
29,0,57,Nuevo
63,4,35,Frecuente
49,4,31,Frecuente
32,0,33,Nuevo
33,6,6,Ocasional
39,4,41,Frecuente
45,1,47,Nuevo
37,4,9,Ocasional
50,4,49,Frecuente
27,0,16,Nuevo
57,6,29,Frecuente
49,3,20,Ocasional
50,4,59,Frecuente
19,5,12,Frecuente
50,4,0,Ocasional
50,3,0,Ocasional
58,0,46,Nuevo
30,3,32,Ocasional
47,0,37,Nuevo
50,1,24,Nuevo
30,0,25,Nuevo
43,1,12,Nuevo
39,1,58,Nuevo
56,0,27,Nuevo
19,5,32,Frecuente
55,2,36,Ocasional
56,0,40,Nuevo
43,4,29,Frecuente
63,5,56,Frecuente
32,5,48,Frecuente
51,4,47,Frecuente
59,2,7,Ocasional
61,5,48,Frecuente
57,1,46,Nuevo
28,2,55,Ocasional
20,6,0,Ocasional
23,4,11,Ocasional
26,2,4,Ocasional
23,0,23,Nuevo
26,2,5,Ocasional
56,1,24,Nuevo
48,0,0,Nuevo
49,3,24,Ocasional
58,4,0,Ocasional
29,4,31,Frecuente
25,2,41,Ocasional
25,5,41,Frecuente
45,0,2,Nuevo
37,3,48,Ocasional
64,0,18,Nuevo
24,4,59,Frecuente
28,0,42,Nuevo
37,3,28,Ocasional
33,5,49,Frecuente
21,2,1,Ocasional
23,1,8,Nuevo
39,0,55,Nuevo
43,1,16,Nuevo
20,4,59,Frecuente
58,2,45,Ocasional
59,6,35,Frecuente
31,2,16,Ocasional
28,0,48,Nuevo
35,5,11,Ocasional
29,2,59,Ocasional
40,0,19,Nuevo
29,0,49,Nuevo
30,1,2,Nuevo
42,2,42,Ocasional
62,0,56,Nuevo
36,1,49,Nuevo
63,3,3,Ocasional
53,6,16,Frecuente
62,1,49,Nuevo
25,1,36,Nuevo
46,0,45,Nuevo
49,4,41,Frecuente
61,4,14,Frecuente
35,5,32,Frecuente
23,4,15,Frecuente
35,1,10,Nuevo
36,5,54,Frecuente
39,0,19,Nuevo
54,2,37,Ocasional
49,6,23,Frecuente
58,6,53,Frecuente
20,1,15,Nuevo
45,1,29,Nuevo
27,5,33,Frecuente
52,0,0,Nuevo
46,3,23,Ocasional
32,1,23,Nuevo
50,3,8,Ocasional
24,3,21,Ocasional
29,4,11,Ocasional
47,0,16,Nuevo
38,6,24,Frecuente
48,6,27,Frecuente
41,3,14,Ocasional
37,6,29,Frecuente
54,0,50,Nuevo
21,4,26,Frecuente
45,0,21,Nuevo
61,1,9,Nuevo
37,3,57,Ocasional
41,0,30,Nuevo
49,6,26,Frecuente
58,2,11,Ocasional
53,0,45,Nuevo
51,3,30,Ocasional
53,4,31,Frecuente
19,6,31,Frecuente
32,4,40,Frecuente
51,3,58,Ocasional
53,6,44,Frecuente
23,1,34,Nuevo
56,6,52,Frecuente
59,1,45,Nuevo
29,4,20,Frecuente
20,4,9,Ocasional
62,3,15,Ocasional
35,1,6,Nuevo
57,4,3,Ocasional
38,1,26,Nuevo
32,4,51,Frecuente
50,6,54,Frecuente
52,0,24,Nuevo
43,2,30,Ocasional
25,6,10,Ocasional
53,5,47,Frecuente
47,0,19,Nuevo
40,5,35,Frecuente
59,4,53,Frecuente
61,2,53,Ocasional
31,2,54,Ocasional
31,4,16,Frecuente
19,4,44,Frecuente
54,1,10,Nuevo
22,4,29,Frecuente
55,3,34,Ocasional
62,4,40,Frecuente
58,3,37,Ocasional
64,4,21,Frecuente
31,1,52,Nuevo
56,3,42,Ocasional
42,0,47,Nuevo
37,3,50,Ocasional
19,6,26,Frecuente
56,1,36,Nuevo
23,5,45,Frecuente
34,3,48,Ocasional
42,6,34,Frecuente
45,6,3,Ocasional
19,6,15,Frecuente
52,4,15,Frecuente
54,6,20,Frecuente
22,4,25,Frecuente
18,5,56,Frecuente
57,1,35,Nuevo
29,2,18,Ocasional
53,4,57,Frecuente
62,6,16,Frecuente
40,6,44,Frecuente
64,0,25,Nuevo
48,6,21,Frecuente
28,1,54,Nuevo
27,3,57,Ocasional
20,3,55,Ocasional
31,6,27,Frecuente
33,0,0,Nuevo
27,4,43,Frecuente
46,1,35,Nuevo
27,0,42,Nuevo
29,4,36,Frecuente
47,1,1,Nuevo
58,6,16,Frecuente
18,3,39,Ocasional
22,1,37,Nuevo
37,6,20,Frecuente
25,5,8,Ocasional
60,2,12,Ocasional
29,1,10,Nuevo
18,2,15,Ocasional
37,1,15,Nuevo
45,2,58,Ocasional
60,5,1,Ocasional
54,3,41,Ocasional
64,4,43,Frecuente
54,2,7,Ocasional
29,5,42,Frecuente
54,2,41,Ocasional
61,3,12,Ocasional
45,2,56,Ocasional
64,5,16,Frecuente
32,6,38,Frecuente
23,5,23,Frecuente
61,0,2,Nuevo
37,3,29,Ocasional
31,6,51,Frecuente
19,0,12,Nuevo
26,3,18,Ocasional
54,6,6,Ocasional
37,2,8,Ocasional
43,6,18,Frecuente
46,5,44,Frecuente
18,0,53,Nuevo
52,2,39,Ocasional
23,5,21,Frecuente
54,3,17,Ocasional
22,6,22,Frecuente
50,5,1,Ocasional
31,2,49,Ocasional
29,0,49,Nuevo
59,0,10,Nuevo
37,6,30,Frecuente
41,5,32,Frecuente
60,2,13,Ocasional
51,1,15,Nuevo
42,3,10,Ocasional
46,3,32,Ocasional
56,2,6,Ocasional
48,1,30,Nuevo
64,0,47,Nuevo
60,6,45,Frecuente
40,4,46,Frecuente
61,4,13,Frecuente
55,6,27,Frecuente
37,2,52,Ocasional
40,1,42,Nuevo
62,1,15,Nuevo
33,3,18,Ocasional
59,0,16,Nuevo
25,5,58,Frecuente
38,1,25,Nuevo
18,6,5,Ocasional
25,5,42,Frecuente
46,4,48,Frecuente
49,5,8,Ocasional
55,0,49,Nuevo
22,6,16,Frecuente
64,0,30,Nuevo
39,5,11,Ocasional
64,2,22,Ocasional
51,1,53,Nuevo
18,6,53,Frecuente
43,2,4,Ocasional
60,5,42,Frecuente
27,1,35,Nuevo
47,3,58,Ocasional
35,2,35,Ocasional
34,2,2,Ocasional
43,5,57,Frecuente
25,4,23,Frecuente
64,5,54,Frecuente
57,2,56,Ocasional
29,1,16,Nuevo
44,4,38,Frecuente
25,5,25,Frecuente
42,6,3,Ocasional
63,5,54,Frecuente
21,2,44,Ocasional
50,2,11,Ocasional
18,3,0,Ocasional
36,5,20,Frecuente
48,2,18,Ocasional
33,6,20,Frecuente
31,0,51,Nuevo
22,4,17,Frecuente
58,0,42,Nuevo
43,4,51,Frecuente
45,6,2,Ocasional
19,5,48,Frecuente
23,3,43,Ocasional
26,2,31,Ocasional
50,2,9,Ocasional
58,2,39,Ocasional
42,5,14,Frecuente
30,4,4,Ocasional
26,6,3,Ocasional
30,2,57,Ocasional
48,0,27,Nuevo
58,2,52,Ocasional
28,5,51,Frecuente
21,6,50,Frecuente
51,3,52,Ocasional
55,6,3,Ocasional
63,0,14,Nuevo
21,2,16,Ocasional
55,2,43,Ocasional
36,1,2,Nuevo
23,4,9,Ocasional
51,0,46,Nuevo
35,1,41,Nuevo
30,6,55,Frecuente
58,3,22,Ocasional
40,4,17,Frecuente
36,0,0,Nuevo
62,2,34,Ocasional
28,6,52,Frecuente
18,0,57,Nuevo
41,2,30,Ocasional
24,4,58,Frecuente
42,2,43,Ocasional
38,3,0,Ocasional
32,6,2,Ocasional
18,5,2,Ocasional
29,2,36,Ocasional
24,3,18,Ocasional
32,5,28,Frecuente
38,6,24,Frecuente
36,4,32,Frecuente
46,4,35,Frecuente
42,6,28,Frecuente
50,6,57,Frecuente
49,0,25,Nuevo
52,3,3,Ocasional
61,3,48,Ocasional
55,6,13,Frecuente
43,1,49,Nuevo
28,1,26,Nuevo
52,5,32,Frecuente
25,5,21,Frecuente
63,1,47,Nuevo
31,6,2,Ocasional
27,6,22,Frecuente
19,5,20,Frecuente
63,2,40,Ocasional
26,6,22,Frecuente
20,1,3,Nuevo
38,3,20,Ocasional
43,6,36,Frecuente
25,6,42,Frecuente
19,2,30,Ocasional
23,5,20,Frecuente
45,6,25,Frecuente
46,4,40,Frecuente
43,0,57,Nuevo
42,1,34,Nuevo
29,4,37,Frecuente
22,5,23,Frecuente
51,3,10,Ocasional
54,0,40,Nuevo
32,4,28,Frecuente
61,0,46,Nuevo
53,1,54,Nuevo
32,5,59,Frecuente
60,6,2,Ocasional
40,3,0,Ocasional
23,5,51,Frecuente
63,0,53,Nuevo
61,4,18,Frecuente
60,1,45,Nuevo
62,1,48,Nuevo
38,5,21,Frecuente
40,6,13,Frecuente
60,4,48,Frecuente
33,6,56,Frecuente
64,6,58,Frecuente
32,4,13,Frecuente
42,0,43,Nuevo
53,5,15,Frecuente
28,5,32,Frecuente
32,2,12,Ocasional
21,5,37,Frecuente
38,1,48,Nuevo
30,0,11,Nuevo
39,4,54,Frecuente
36,5,50,Frecuente
51,0,37,Nuevo
31,5,38,Frecuente
21,4,32,Frecuente
63,3,32,Ocasional
44,4,28,Frecuente
46,4,4,Ocasional
64,4,5,Ocasional
45,5,30,Frecuente
52,2,15,Ocasional
25,4,30,Frecuente
33,1,24,Nuevo
59,1,47,Nuevo
53,0,45,Nuevo
47,2,32,Ocasional
35,0,12,Nuevo
19,1,51,Nuevo
30,6,9,Ocasional
21,1,23,Nuevo
43,3,9,Ocasional
42,4,40,Frecuente
47,6,30,Frecuente
28,1,12,Nuevo
24,5,2,Ocasional
48,5,58,Frecuente
61,0,49,Nuevo
27,6,51,Frecuente
56,0,33,Nuevo
30,4,48,Frecuente
48,4,27,Frecuente
24,3,18,Ocasional
59,2,22,Ocasional
59,0,44,Nuevo
53,4,31,Frecuente
37,0,12,Nuevo
21,4,32,Frecuente
24,1,33,Nuevo
18,0,32,Nuevo
61,1,55,Nuevo
62,0,4,Nuevo
59,2,55,Ocasional
64,3,2,Ocasional
30,5,59,Frecuente
39,5,6,Ocasional
38,5,23,Frecuente
39,1,21,Nuevo
45,6,44,Frecuente
26,4,22,Frecuente
43,5,29,Frecuente
26,2,59,Ocasional
32,5,17,Frecuente
27,0,31,Nuevo
41,1,55,Nuevo
59,6,52,Frecuente
25,0,6,Nuevo
41,6,32,Frecuente
33,0,4,Nuevo
43,0,48,Nuevo
44,3,27,Ocasional
54,3,7,Ocasional
21,4,14,Frecuente
41,1,51,Nuevo
36,2,3,Ocasional
53,2,33,Ocasional
56,2,4,Ocasional
27,0,32,Nuevo
42,3,56,Ocasional
35,1,4,Nuevo
36,0,37,Nuevo
53,6,33,Frecuente
27,3,57,Ocasional
50,3,25,Ocasional
22,5,0,Ocasional
64,5,3,Ocasional
52,1,38,Nuevo
61,6,53,Frecuente
51,1,25,Nuevo
50,1,32,Nuevo
38,0,32,Nuevo
34,4,7,Ocasional
39,1,19,Nuevo
54,5,15,Frecuente
32,4,20,Frecuente
52,0,44,Nuevo
45,4,54,Frecuente
24,2,55,Ocasional
49,6,25,Frecuente
28,4,22,Frecuente
27,1,17,Nuevo
26,0,30,Nuevo
31,6,51,Frecuente
30,1,41,Nuevo
42,6,11,Ocasional
19,5,0,Ocasional
52,2,41,Ocasional
24,5,8,Ocasional
38,1,2,Nuevo
35,1,59,Nuevo
20,1,50,Nuevo
59,3,25,Ocasional
56,2,8,Ocasional
58,6,41,Frecuente
28,1,50,Nuevo
56,1,15,Nuevo
41,6,23,Frecuente
63,5,49,Frecuente
36,5,13,Frecuente
21,1,2,Nuevo
43,0,33,Nuevo
55,3,32,Ocasional
59,5,49,Frecuente
49,0,23,Nuevo
56,3,8,Ocasional
62,1,12,Nuevo
63,2,1,Ocasional
53,4,6,Ocasional
57,4,47,Frecuente
54,1,20,Nuevo
50,5,18,Frecuente
53,0,24,Nuevo
20,2,46,Ocasional
26,6,21,Frecuente
25,3,10,Ocasional
50,1,32,Nuevo
23,2,31,Ocasional
58,2,20,Ocasional
56,5,38,Frecuente
21,3,19,Ocasional
30,2,7,Ocasional
19,5,41,Frecuente
22,0,36,Nuevo
61,5,8,Ocasional
44,0,24,Nuevo
49,0,24,Nuevo
38,6,32,Frecuente
25,6,1,Ocasional
55,2,18,Ocasional
25,5,45,Frecuente
20,6,19,Frecuente
61,0,41,Nuevo
20,6,40,Frecuente
39,3,41,Ocasional
23,2,28,Ocasional
19,5,5,Ocasional
40,5,16,Frecuente
61,4,59,Frecuente
19,5,24,Frecuente
55,2,37,Ocasional
34,3,3,Ocasional
52,5,29,Frecuente
51,4,19,Frecuente
40,2,2,Ocasional
47,0,22,Nuevo
25,1,50,Nuevo
39,1,17,Nuevo
61,0,25,Nuevo
53,6,55,Frecuente
22,5,35,Frecuente
30,1,7,Nuevo
46,6,16,Frecuente
48,1,30,Nuevo
64,0,36,Nuevo
33,5,44,Frecuente
59,5,56,Frecuente
47,6,32,Frecuente
33,0,26,Nuevo
29,6,44,Frecuente
34,5,3,Ocasional
33,5,21,Frecuente
29,2,25,Ocasional
25,6,31,Frecuente
37,2,23,Ocasional
20,0,45,Nuevo
33,3,34,Ocasional
47,1,36,Nuevo
62,2,31,Ocasional
40,1,6,Nuevo
45,4,32,Frecuente
57,0,30,Nuevo
22,3,54,Ocasional
37,4,11,Ocasional
57,4,10,Ocasional
61,5,23,Frecuente
18,4,7,Ocasional
47,0,31,Nuevo
38,2,56,Ocasional
37,0,37,Nuevo
23,2,59,Ocasional
39,4,21,Frecuente
35,4,33,Frecuente
25,3,18,Ocasional
56,2,51,Ocasional
49,4,19,Frecuente
50,5,55,Frecuente
33,1,13,Nuevo
29,3,32,Ocasional
55,0,9,Nuevo
51,3,15,Ocasional
31,1,3,Nuevo
53,2,26,Ocasional
50,0,27,Nuevo
40,0,42,Nuevo
62,2,15,Ocasional
19,6,58,Frecuente
58,6,51,Frecuente
38,3,32,Ocasional
19,4,47,Frecuente
44,6,18,Frecuente
26,3,20,Ocasional
18,6,21,Frecuente
28,1,8,Nuevo
20,5,8,Ocasional
40,4,8,Ocasional
43,3,26,Ocasional
21,5,16,Frecuente
35,5,43,Frecuente
23,6,56,Frecuente
52,2,44,Ocasional
39,1,7,Nuevo
60,1,15,Nuevo
32,1,17,Nuevo
39,4,58,Frecuente
54,0,32,Nuevo
59,4,0,Ocasional
29,3,11,Ocasional
64,5,5,Ocasional
59,5,40,Frecuente
55,0,54,Nuevo
35,3,4,Ocasional
62,0,58,Nuevo
52,5,15,Frecuente
47,6,17,Frecuente
41,4,48,Frecuente
59,1,17,Nuevo
47,5,0,Ocasional
31,2,18,Ocasional
23,1,53,Nuevo
20,5,7,Ocasional
33,4,2,Ocasional
24,0,57,Nuevo
31,6,24,Frecuente
26,6,57,Frecuente
32,1,4,Nuevo
38,4,54,Frecuente
52,6,39,Frecuente
19,6,18,Frecuente
44,3,17,Ocasional
19,2,49,Ocasional
52,1,52,Nuevo
35,0,30,Nuevo
31,6,32,Frecuente
37,3,46,Ocasional
35,4,17,Frecuente
27,6,56,Frecuente
42,2,38,Ocasional
19,0,15,Nuevo
42,4,15,Frecuente
50,4,46,Frecuente
53,1,37,Nuevo
48,6,40,Frecuente
31,1,6,Nuevo
18,0,13,Nuevo
63,6,42,Frecuente
33,5,52,Frecuente
63,6,47,Frecuente
20,5,24,Frecuente
52,4,31,Frecuente
58,1,37,Nuevo
23,2,21,Ocasional
42,6,58,Frecuente
30,2,15,Ocasional
51,6,51,Frecuente
25,4,28,Frecuente
38,1,15,Nuevo
51,0,11,Nuevo
21,0,16,Nuevo
42,0,36,Nuevo
32,6,26,Frecuente
21,6,24,Frecuente
62,2,12,Ocasional
29,1,7,Nuevo
49,6,55,Frecuente
49,1,4,Nuevo
45,2,11,Ocasional
30,6,40,Frecuente
48,0,2,Nuevo
31,0,34,Nuevo
37,4,32,Frecuente
35,5,56,Frecuente
46,3,21,Ocasional
23,5,49,Frecuente
49,6,55,Frecuente
46,1,43,Nuevo
60,6,8,Ocasional
19,1,40,Nuevo
40,1,17,Nuevo
36,5,49,Frecuente
48,3,28,Ocasional
22,4,38,Frecuente
36,5,26,Frecuente
51,3,35,Ocasional
27,0,44,Nuevo
42,0,16,Nuevo
19,1,55,Nuevo
28,2,33,Ocasional
48,6,45,Frecuente
32,6,2,Ocasional
26,1,4,Nuevo
40,2,13,Ocasional
36,3,2,Ocasional
26,0,22,Nuevo
52,6,38,Frecuente
38,5,29,Frecuente
26,2,49,Ocasional
45,3,44,Ocasional
63,0,22,Nuevo
24,5,26,Frecuente
33,2,53,Ocasional
33,1,9,Nuevo
50,1,24,Nuevo
21,1,12,Nuevo
21,6,15,Frecuente
56,3,40,Ocasional
57,1,33,Nuevo
34,6,54,Frecuente
54,4,36,Frecuente
56,6,21,Frecuente
46,0,16,Nuevo
53,6,22,Frecuente
55,3,53,Ocasional
56,5,35,Frecuente
54,6,48,Frecuente
52,1,8,Nuevo
24,0,51,Nuevo
44,2,1,Ocasional
45,1,31,Nuevo
39,0,55,Nuevo
31,4,49,Frecuente
24,2,52,Ocasional
54,4,58,Frecuente
39,5,21,Frecuente
22,0,42,Nuevo
19,4,12,Frecuente
44,5,7,Ocasional
38,0,58,Nuevo
55,0,0,Nuevo
32,4,16,Frecuente
38,0,11,Nuevo
27,1,3,Nuevo
40,0,52,Nuevo
56,3,12,Ocasional
22,5,30,Frecuente
18,0,40,Nuevo
30,3,58,Ocasional
38,0,6,Nuevo
43,0,22,Nuevo
62,4,23,Frecuente
38,1,4,Nuevo
35,5,4,Ocasional
54,1,16,Nuevo
62,2,29,Ocasional
49,4,8,Ocasional
53,4,5,Ocasional
34,1,24,Nuevo
52,6,18,Frecuente
28,4,15,Frecuente
38,1,20,Nuevo
43,4,1,Ocasional
21,0,9,Nuevo
51,1,15,Nuevo
35,1,36,Nuevo
57,3,14,Ocasional
52,4,12,Frecuente
58,4,12,Frecuente
46,1,31,Nuevo
46,0,44,Nuevo
55,0,46,Nuevo
59,5,45,Frecuente
38,0,7,Nuevo
59,4,42,Frecuente
30,6,17,Frecuente
58,3,55,Ocasional
34,1,35,Nuevo
26,2,25,Ocasional
58,3,9,Ocasional
18,6,30,Frecuente
19,2,32,Ocasional
46,3,28,Ocasional
50,0,4,Nuevo
27,4,12,Frecuente
57,6,0,Ocasional
38,2,22,Ocasional
45,6,39,Frecuente
28,3,2,Ocasional
51,4,2,Ocasional
25,6,6,Ocasional
39,2,35,Ocasional
25,1,34,Nuevo
32,3,14,Ocasional
34,1,39,Nuevo
40,0,2,Nuevo
41,1,28,Nuevo
62,1,29,Nuevo
36,5,38,Frecuente
22,3,17,Ocasional
49,0,10,Nuevo
61,1,42,Nuevo
18,4,48,Frecuente
40,2,59,Ocasional
54,1,37,Nuevo
25,0,39,Nuevo
30,1,0,Nuevo
25,2,28,Ocasional
40,0,9,Nuevo
60,3,27,Ocasional
18,0,56,Nuevo
62,3,30,Ocasional
41,0,18,Nuevo
52,6,2,Ocasional
41,2,35,Ocasional
34,2,42,Ocasional
22,0,14,Nuevo
37,6,32,Frecuente
38,1,40,Nuevo
57,2,42,Ocasional
48,3,50,Ocasional
63,3,44,Ocasional
53,4,25,Frecuente
28,5,15,Frecuente
32,6,35,Frecuente
36,5,32,Frecuente
24,5,19,Frecuente
45,3,12,Ocasional
60,4,32,Frecuente
22,5,4,Ocasional
22,5,36,Frecuente
47,0,13,Nuevo
49,0,26,Nuevo
25,0,22,Nuevo
27,1,13,Nuevo
55,5,39,Frecuente
64,1,3,Nuevo
49,4,38,Frecuente
45,6,51,Frecuente
34,3,18,Ocasional
48,5,46,Frecuente
25,3,53,Ocasional
57,6,3,Ocasional
42,0,29,Nuevo
26,5,18,Frecuente
19,2,30,Ocasional
32,1,30,Nuevo
20,1,8,Nuevo
53,5,52,Frecuente
21,6,12,Frecuente
31,0,13,Nuevo
58,1,54,Nuevo
58,0,59,Nuevo
42,4,45,Frecuente
27,3,53,Ocasional
38,6,9,Ocasional
53,2,47,Ocasional
29,3,30,Ocasional
44,3,36,Ocasional
57,4,22,Frecuente
19,1,26,Nuevo
30,2,5,Ocasional
49,1,25,Nuevo
48,5,1,Ocasional
33,3,44,Ocasional
49,5,12,Frecuente
49,0,50,Nuevo
51,3,49,Ocasional
28,1,59,Nuevo
27,3,18,Ocasional
32,0,0,Nuevo
34,4,39,Frecuente
57,5,31,Frecuente
35,5,21,Frecuente
26,1,47,Nuevo
42,3,28,Ocasional
57,1,1,Nuevo
31,4,39,Frecuente
42,3,37,Ocasional
39,3,47,Ocasional
47,1,54,Nuevo
37,1,10,Nuevo
38,0,16,Nuevo
61,6,54,Frecuente
49,6,50,Frecuente
63,4,42,Frecuente
38,6,59,Frecuente
52,0,7,Nuevo
49,5,21,Frecuente
47,3,3,Ocasional
56,1,10,Nuevo
29,3,7,Ocasional
58,3,8,Ocasional
64,2,25,Ocasional
35,5,1,Ocasional
38,2,15,Ocasional
30,6,30,Frecuente
38,3,5,Ocasional
25,1,52,Nuevo
63,3,20,Ocasional
57,5,25,Frecuente
63,2,58,Ocasional
24,1,18,Nuevo
40,3,27,Ocasional
61,4,7,Ocasional
49,5,13,Frecuente
28,5,23,Frecuente
39,4,47,Frecuente
39,3,43,Ocasional
60,5,36,Frecuente
42,1,55,Nuevo
39,3,25,Ocasional
45,3,30,Ocasional
46,2,55,Ocasional
30,5,50,Frecuente
35,5,31,Frecuente
19,4,49,Frecuente
46,2,40,Ocasional
38,6,1,Ocasional
32,2,24,Ocasional
44,5,51,Frecuente
48,3,43,Ocasional
32,2,1,Ocasional
40,4,41,Frecuente
41,2,0,Ocasional
61,4,35,Frecuente
30,6,56,Frecuente
39,2,11,Ocasional
60,4,8,Ocasional
54,2,35,Ocasional
50,6,40,Frecuente
20,2,27,Ocasional
36,1,37,Nuevo
40,4,32,Frecuente
46,6,41,Frecuente
47,4,45,Frecuente
56,4,21,Frecuente
61,0,24,Nuevo
64,6,17,Frecuente
42,2,5,Ocasional
54,4,17,Frecuente
64,5,51,Frecuente
25,0,15,Nuevo
59,1,14,Nuevo
33,4,47,Frecuente
25,4,7,Ocasional
18,0,12,Nuevo
61,2,54,Ocasional
22,5,42,Frecuente
20,1,59,Nuevo
18,4,56,Frecuente
21,2,6,Ocasional
57,6,16,Frecuente
52,5,49,Frecuente
49,6,31,Frecuente
59,5,21,Frecuente
51,1,54,Nuevo
60,3,50,Ocasional
42,5,56,Frecuente
27,3,12,Ocasional
38,6,46,Frecuente
63,5,22,Frecuente
56,1,53,Nuevo
44,0,28,Nuevo
44,1,21,Nuevo
19,1,0,Nuevo
58,0,28,Nuevo
30,0,47,Nuevo
26,2,4,Ocasional
53,5,57,Frecuente
39,6,34,Frecuente
59,2,54,Ocasional
43,0,9,Nuevo
29,3,18,Ocasional
34,6,36,Frecuente
31,3,6,Ocasional
31,1,45,Nuevo
51,4,34,Frecuente
37,1,44,Nuevo
28,1,12,Nuevo
33,4,9,Ocasional
48,5,1,Ocasional
23,0,5,Nuevo
36,3,7,Ocasional
54,1,35,Nuevo
21,4,24,Frecuente
64,2,43,Ocasional
21,1,59,Nuevo
37,3,46,Ocasional
27,0,39,Nuevo
41,1,6,Nuevo
52,1,45,Nuevo
43,5,22,Frecuente
54,4,18,Frecuente
55,2,45,Ocasional
38,2,21,Ocasional
57,6,12,Frecuente
56,0,20,Nuevo
38,6,0,Ocasional
27,3,58,Ocasional
55,0,18,Nuevo
63,1,59,Nuevo
21,1,32,Nuevo
62,2,3,Ocasional
37,3,41,Ocasional
34,4,2,Ocasional
24,3,26,Ocasional
21,1,51,Nuevo
46,4,40,Frecuente
31,3,34,Ocasional
20,3,27,Ocasional
41,4,5,Ocasional
54,1,5,Nuevo
33,3,54,Ocasional
21,4,56,Frecuente
41,5,43,Frecuente
51,5,22,Frecuente
47,1,32,Nuevo
35,4,15,Frecuente
36,5,23,Frecuente
48,4,4,Ocasional
36,3,40,Ocasional
63,1,41,Nuevo
36,5,12,Frecuente
39,6,46,Frecuente
41,3,11,Ocasional
62,6,4,Ocasional
29,6,36,Frecuente
47,0,30,Nuevo
55,0,27,Nuevo
48,1,27,Nuevo
53,5,29,Frecuente
36,5,17,Frecuente
62,5,43,Frecuente
53,4,26,Frecuente
47,3,34,Ocasional
50,5,25,Frecuente
35,3,56,Ocasional
45,1,38,Nuevo
64,6,48,Frecuente
28,5,50,Frecuente
62,1,59,Nuevo
50,5,17,Frecuente
34,0,32,Nuevo
23,2,24,Ocasional
21,1,55,Nuevo
37,5,30,Frecuente
64,2,36,Ocasional
44,1,58,Nuevo
32,4,59,Frecuente
23,5,1,Ocasional
64,4,32,Frecuente
31,0,38,Nuevo
28,5,42,Frecuente
56,6,42,Frecuente
26,0,31,Nuevo
43,2,17,Ocasional
33,1,16,Nuevo
22,3,33,Ocasional
27,0,38,Nuevo
20,3,6,Ocasional
30,3,41,Ocasional
60,1,53,Nuevo
47,2,52,Ocasional
62,1,34,Nuevo
23,5,29,Frecuente
34,0,11,Nuevo
62,3,34,Ocasional
36,1,10,Nuevo
59,1,43,Nuevo
52,1,56,Nuevo
63,0,3,Nuevo
43,2,24,Ocasional
22,6,47,Frecuente
46,1,31,Nuevo
54,0,19,Nuevo
37,3,49,Ocasional
38,5,30,Frecuente
27,6,3,Ocasional
22,4,53,Frecuente
53,6,37,Frecuente
23,6,52,Frecuente
43,0,46,Nuevo
21,4,0,Ocasional
56,1,2,Nuevo
56,1,36,Nuevo
52,6,21,Frecuente
18,0,16,Nuevo
41,4,13,Frecuente
53,1,40,Nuevo
23,3,34,Ocasional
58,2,57,Ocasional
63,2,12,Ocasional
61,1,34,Nuevo
48,4,42,Frecuente
37,5,1,Ocasional
41,1,55,Nuevo
42,5,46,Frecuente
53,5,12,Frecuente
38,4,50,Frecuente
47,5,53,Frecuente
41,3,15,Ocasional
61,4,17,Frecuente
59,1,6,Nuevo
47,6,44,Frecuente
39,3,35,Ocasional
45,0,40,Nuevo
24,2,29,Ocasional
52,1,41,Nuevo
45,1,40,Nuevo
31,1,6,Nuevo
27,3,14,Ocasional
33,0,59,Nuevo
33,6,39,Frecuente
48,4,18,Frecuente
59,0,42,Nuevo
42,3,36,Ocasional
30,1,1,Nuevo
23,2,41,Ocasional
61,1,47,Nuevo
26,4,54,Frecuente
62,5,12,Frecuente
53,2,39,Ocasional
60,1,40,Nuevo
37,6,42,Frecuente
35,2,42,Ocasional
60,5,54,Frecuente
38,0,57,Nuevo
21,3,30,Ocasional
50,1,15,Nuevo
44,4,41,Frecuente
24,0,55,Nuevo
23,1,43,Nuevo
32,0,56,Nuevo
35,4,5,Ocasional
49,1,27,Nuevo
28,5,31,Frecuente
37,5,43,Frecuente
41,4,9,Ocasional
32,2,49,Ocasional
24,4,17,Frecuente
38,2,3,Ocasional
59,1,8,Nuevo
43,2,6,Ocasional
61,1,49,Nuevo
31,1,7,Nuevo
54,6,42,Frecuente
38,3,6,Ocasional
35,1,40,Nuevo
22,2,39,Ocasional
20,3,2,Ocasional
40,3,16,Ocasional
43,1,1,Nuevo
54,4,14,Frecuente
41,4,45,Frecuente
36,5,28,Frecuente
42,3,49,Ocasional
38,1,47,Nuevo
29,6,51,Frecuente
58,4,21,Frecuente
50,6,3,Ocasional
21,1,56,Nuevo
59,1,51,Nuevo
24,3,5,Ocasional
39,6,37,Frecuente
50,5,25,Frecuente
34,3,10,Ocasional
41,0,25,Nuevo
51,6,16,Frecuente
45,4,23,Frecuente
60,4,27,Frecuente
58,4,34,Frecuente
56,2,30,Ocasional
39,1,12,Nuevo
34,3,53,Ocasional
51,4,34,Frecuente
23,0,15,Nuevo
63,4,14,Frecuente
23,5,42,Frecuente
51,1,17,Nuevo
18,6,46,Frecuente
27,1,36,Nuevo
38,6,47,Frecuente
22,6,47,Frecuente
19,3,48,Ocasional
39,2,40,Ocasional
19,6,26,Frecuente
27,6,54,Frecuente
51,3,34,Ocasional
33,4,51,Frecuente
56,5,44,Frecuente
39,0,53,Nuevo
29,3,34,Ocasional
41,2,27,Ocasional
64,3,38,Ocasional
57,1,37,Nuevo
55,4,8,Ocasional
27,4,11,Ocasional
52,6,14,Frecuente
49,4,20,Frecuente
24,4,51,Frecuente
38,4,34,Frecuente
37,4,41,Frecuente
43,0,32,Nuevo
21,2,50,Ocasional
63,6,18,Frecuente
39,4,54,Frecuente
32,6,22,Frecuente
57,2,12,Ocasional
38,5,43,Frecuente
32,4,0,Ocasional
39,6,50,Frecuente
45,3,28,Ocasional
31,6,23,Frecuente
44,4,15,Frecuente
58,1,24,Nuevo
57,0,54,Nuevo
45,3,22,Ocasional
43,3,27,Ocasional
19,1,46,Nuevo
42,4,15,Frecuente
20,0,42,Nuevo
25,3,55,Ocasional
61,0,37,Nuevo
50,3,10,Ocasional
59,4,2,Ocasional
52,5,14,Frecuente
23,3,0,Ocasional
56,5,6,Ocasional
40,3,0,Ocasional
42,2,48,Ocasional
60,4,31,Frecuente
36,1,8,Nuevo
22,5,28,Frecuente
28,1,25,Nuevo
29,4,22,Frecuente
27,6,44,Frecuente
25,1,42,Nuevo
41,4,28,Frecuente
45,1,51,Nuevo
58,5,37,Frecuente
53,2,32,Ocasional
54,1,6,Nuevo
38,5,11,Ocasional
25,3,30,Ocasional
26,4,31,Frecuente
64,0,53,Nuevo
32,6,19,Frecuente
63,0,54,Nuevo
57,4,50,Frecuente
35,2,16,Ocasional
59,1,35,Nuevo
37,2,2,Ocasional
23,0,0,Nuevo
29,6,49,Frecuente
19,5,26,Frecuente
24,6,52,Frecuente
33,4,46,Frecuente
20,4,39,Frecuente
62,2,32,Ocasional
20,5,19,Frecuente
44,2,13,Ocasional
60,1,35,Nuevo
57,3,4,Ocasional
55,5,22,Frecuente
50,3,44,Ocasional
45,6,59,Frecuente
18,1,55,Nuevo
25,3,14,Ocasional
54,0,5,Nuevo
49,6,32,Frecuente
60,3,54,Ocasional
54,1,18,Nuevo
21,3,12,Ocasional
47,4,28,Frecuente
23,2,5,Ocasional
63,0,14,Nuevo
36,4,15,Frecuente
49,4,23,Frecuente
26,1,22,Nuevo
29,2,47,Ocasional
28,2,9,Ocasional
63,5,53,Frecuente
33,6,40,Frecuente
18,0,40,Nuevo
62,6,48,Frecuente
38,1,16,Nuevo
47,0,48,Nuevo
30,5,55,Frecuente
51,3,43,Ocasional
21,4,44,Frecuente
45,0,29,Nuevo
55,6,43,Frecuente
48,4,45,Frecuente
44,1,9,Nuevo
22,6,54,Frecuente
42,3,18,Ocasional
20,1,28,Nuevo
50,3,1,Ocasional
21,3,35,Ocasional
42,4,18,Frecuente
37,1,6,Nuevo
51,1,25,Nuevo
43,0,14,Nuevo
22,6,46,Frecuente
52,1,55,Nuevo
45,0,37,Nuevo
46,2,2,Ocasional
26,2,37,Ocasional
55,2,15,Ocasional
23,5,1,Ocasional
36,1,30,Nuevo
61,5,27,Frecuente
28,6,6,Ocasional
19,1,29,Nuevo
64,0,42,Nuevo
61,5,57,Frecuente
61,5,6,Ocasional
26,6,35,Frecuente
38,5,28,Frecuente
41,3,23,Ocasional
51,0,51,Nuevo
39,2,38,Ocasional
20,0,3,Nuevo
29,3,28,Ocasional
45,6,43,Frecuente
47,6,4,Ocasional
43,1,54,Nuevo
38,0,28,Nuevo
45,6,29,Frecuente
43,5,28,Frecuente
50,6,25,Frecuente
38,6,18,Frecuente
52,6,25,Frecuente
51,6,36,Frecuente
58,2,26,Ocasional
64,2,29,Ocasional
35,1,50,Nuevo
28,6,52,Frecuente
40,0,29,Nuevo
39,3,2,Ocasional
34,1,58,Nuevo
22,0,57,Nuevo
61,6,42,Frecuente
28,4,6,Ocasional
47,6,48,Frecuente
32,2,56,Ocasional
44,3,8,Ocasional
52,5,52,Frecuente
50,3,40,Ocasional
37,5,41,Frecuente
33,3,12,Ocasional
51,2,14,Ocasional
19,5,53,Frecuente
52,0,4,Nuevo
57,5,28,Frecuente
45,1,34,Nuevo
64,0,26,Nuevo
56,1,26,Nuevo
23,6,7,Ocasional
26,3,31,Ocasional
37,0,19,Nuevo
18,3,9,Ocasional
25,6,12,Frecuente
40,4,28,Frecuente
20,3,34,Ocasional
21,6,53,Frecuente
42,3,7,Ocasional
64,6,28,Frecuente
55,1,30,Nuevo
32,6,40,Frecuente
38,5,29,Frecuente
52,4,21,Frecuente
63,3,20,Ocasional
31,6,11,Ocasional
53,6,10,Ocasional
29,3,1,Ocasional
34,4,49,Frecuente
56,4,40,Frecuente
26,6,1,Ocasional
52,0,33,Nuevo
30,1,2,Nuevo
32,4,15,Frecuente
35,4,50,Frecuente
50,2,3,Ocasional
23,5,22,Frecuente
44,4,56,Frecuente
40,1,49,Nuevo
44,5,19,Frecuente
51,5,24,Frecuente
63,3,29,Ocasional
55,3,17,Ocasional
31,3,41,Ocasional
53,3,10,Ocasional
25,2,28,Ocasional
52,4,16,Frecuente
36,3,25,Ocasional
47,6,55,Frecuente
31,0,56,Nuevo
37,3,22,Ocasional
42,4,55,Frecuente
57,3,51,Ocasional
41,2,47,Ocasional
31,1,19,Nuevo
43,1,44,Nuevo
55,4,1,Ocasional
40,6,23,Frecuente
39,1,30,Nuevo
36,1,26,Nuevo
63,0,1,Nuevo
20,4,56,Frecuente
59,6,13,Frecuente
36,4,3,Ocasional
26,1,48,Nuevo
45,1,12,Nuevo
37,1,35,Nuevo
62,5,34,Frecuente
24,2,43,Ocasional
31,3,53,Ocasional
26,2,54,Ocasional
36,4,7,Ocasional
64,0,1,Nuevo
31,3,5,Ocasional
55,0,30,Nuevo
53,6,53,Frecuente
57,5,9,Ocasional
34,4,43,Frecuente
47,5,20,Frecuente
26,4,41,Frecuente
50,0,9,Nuevo
42,0,22,Nuevo
31,0,2,Nuevo
28,4,31,Frecuente
52,1,19,Nuevo
58,0,9,Nuevo
31,5,28,Frecuente
47,6,40,Frecuente
58,3,51,Ocasional
21,4,50,Frecuente
21,5,45,Frecuente
45,2,33,Ocasional
25,6,36,Frecuente
19,2,19,Ocasional
58,3,7,Ocasional
63,1,6,Nuevo
39,0,5,Nuevo
58,4,10,Ocasional
33,5,43,Frecuente
46,0,17,Nuevo
47,5,50,Frecuente
29,4,41,Frecuente
52,2,56,Ocasional
28,0,28,Nuevo
63,3,24,Ocasional
38,1,20,Nuevo
38,3,45,Ocasional
22,1,2,Nuevo
37,6,17,Frecuente
54,5,23,Frecuente
20,0,46,Nuevo
61,0,37,Nuevo
50,6,9,Ocasional
26,1,26,Nuevo
26,2,11,Ocasional
21,4,6,Ocasional
52,3,16,Ocasional
34,6,0,Ocasional
51,5,57,Frecuente
41,6,49,Frecuente
49,3,25,Ocasional
18,3,14,Ocasional
25,5,50,Frecuente
62,5,59,Frecuente
40,0,32,Nuevo
64,3,36,Ocasional
57,4,46,Frecuente
29,4,30,Frecuente
29,1,34,Nuevo
63,6,0,Ocasional
64,5,7,Ocasional
32,0,11,Nuevo
58,4,58,Frecuente
36,2,53,Ocasional
43,0,56,Nuevo
46,0,18,Nuevo
39,4,24,Frecuente
57,2,56,Ocasional
38,1,31,Nuevo
55,4,11,Ocasional
37,2,12,Ocasional
46,0,27,Nuevo
21,2,0,Ocasional
24,0,50,Nuevo
45,6,5,Ocasional
45,4,7,Ocasional
21,5,3,Ocasional
39,4,4,Ocasional
29,6,24,Frecuente
62,3,21,Ocasional
20,3,27,Ocasional
39,3,38,Ocasional
61,4,22,Frecuente
19,1,3,Nuevo
41,4,51,Frecuente
51,6,3,Ocasional
44,6,46,Frecuente
58,5,58,Frecuente
18,2,20,Ocasional
25,4,36,Frecuente
40,4,55,Frecuente
55,0,40,Nuevo
23,6,1,Ocasional
39,0,58,Nuevo
42,0,6,Nuevo
35,4,48,Frecuente
34,1,15,Nuevo
29,2,16,Ocasional
23,2,19,Ocasional
43,6,57,Frecuente
44,5,22,Frecuente
25,6,33,Frecuente
36,1,10,Nuevo
59,1,33,Nuevo
18,2,32,Ocasional
46,3,25,Ocasional
62,0,1,Nuevo
52,0,22,Nuevo
57,2,40,Ocasional
31,6,21,Frecuente
52,1,57,Nuevo
62,6,33,Frecuente
37,5,59,Frecuente
30,3,14,Ocasional
55,2,9,Ocasional
63,0,14,Nuevo
25,4,41,Frecuente
60,6,28,Frecuente
37,1,56,Nuevo
50,4,22,Frecuente
43,5,58,Frecuente
56,2,16,Ocasional
38,6,59,Frecuente
59,0,8,Nuevo
60,6,49,Frecuente
58,3,35,Ocasional
26,4,8,Ocasional
41,3,15,Ocasional
54,5,35,Frecuente
58,0,47,Nuevo
34,4,50,Frecuente
41,5,32,Frecuente
38,3,54,Ocasional
56,3,30,Ocasional
58,4,5,Ocasional
56,0,9,Nuevo
30,3,15,Ocasional
28,2,3,Ocasional
63,5,53,Frecuente
36,4,21,Frecuente
28,1,12,Nuevo
30,1,15,Nuevo
63,0,51,Nuevo
62,2,28,Ocasional
18,3,5,Ocasional
57,1,25,Nuevo
61,0,10,Nuevo
36,5,23,Frecuente
29,2,28,Ocasional
25,2,2,Ocasional
25,6,51,Frecuente
62,0,9,Nuevo
29,0,59,Nuevo
50,6,0,Ocasional
62,3,51,Ocasional
43,0,42,Nuevo
56,6,25,Frecuente
45,3,57,Ocasional
22,3,11,Ocasional
25,4,13,Frecuente
42,2,24,Ocasional
44,5,7,Ocasional
63,2,42,Ocasional
40,2,3,Ocasional
47,4,27,Frecuente
62,3,6,Ocasional
64,3,9,Ocasional
40,0,50,Nuevo
64,4,56,Frecuente
37,0,57,Nuevo
35,4,35,Frecuente
35,0,1,Nuevo
19,1,25,Nuevo
21,6,52,Frecuente
47,2,49,Ocasional
50,2,13,Ocasional
53,5,57,Frecuente
35,6,15,Frecuente
54,3,53,Ocasional
36,5,42,Frecuente
64,1,41,Nuevo
45,5,16,Frecuente
57,2,45,Ocasional
37,3,21,Ocasional
50,1,3,Nuevo
29,2,18,Ocasional
32,6,1,Ocasional
58,0,38,Nuevo
56,4,8,Ocasional
19,1,59,Nuevo
46,3,18,Ocasional
58,5,15,Frecuente
27,6,53,Frecuente
19,5,24,Frecuente
28,1,47,Nuevo
30,6,17,Frecuente
27,3,22,Ocasional
31,1,52,Nuevo
35,3,20,Ocasional
26,5,10,Ocasional
56,2,38,Ocasional
45,6,40,Frecuente
20,0,3,Nuevo
37,2,24,Ocasional
23,0,31,Nuevo
44,5,29,Frecuente
19,6,44,Frecuente
46,2,58,Ocasional
55,2,25,Ocasional
20,1,56,Nuevo
33,4,35,Frecuente
47,5,50,Frecuente
57,3,33,Ocasional
19,5,8,Ocasional
34,3,11,Ocasional
58,6,1,Ocasional
29,3,37,Ocasional
52,0,4,Nuevo
60,3,4,Ocasional
18,3,51,Ocasional
62,1,21,Nuevo
32,2,4,Ocasional
43,5,58,Frecuente
54,5,3,Ocasional
38,6,8,Ocasional
48,6,28,Frecuente
42,3,21,Ocasional
40,4,26,Frecuente
41,5,9,Ocasional
55,6,15,Frecuente
45,3,41,Ocasional
38,6,41,Frecuente
60,0,50,Nuevo
35,0,9,Nuevo
53,6,5,Ocasional
52,0,48,Nuevo
62,6,4,Ocasional
26,3,57,Ocasional
55,1,5,Nuevo
47,4,58,Frecuente
61,3,55,Ocasional
51,1,58,Nuevo
49,1,46,Nuevo
20,5,24,Frecuente
20,3,58,Ocasional
45,3,50,Ocasional
61,6,49,Frecuente
32,1,3,Nuevo
58,1,39,Nuevo
40,1,58,Nuevo
57,6,47,Frecuente
28,5,31,Frecuente
49,3,55,Ocasional
53,1,50,Nuevo
50,0,51,Nuevo
41,3,34,Ocasional
56,6,9,Ocasional
51,5,33,Frecuente
45,0,35,Nuevo
54,6,5,Ocasional
24,2,42,Ocasional
21,3,45,Ocasional
54,2,15,Ocasional
18,6,58,Frecuente
18,6,52,Frecuente
64,6,18,Frecuente
37,1,33,Nuevo
36,5,24,Frecuente
46,1,30,Nuevo
27,5,48,Frecuente
35,4,40,Frecuente
45,1,16,Nuevo
52,2,46,Ocasional
60,5,29,Frecuente
64,1,38,Nuevo
48,3,53,Ocasional
44,6,54,Frecuente
28,5,30,Frecuente
55,5,18,Frecuente
22,1,34,Nuevo
25,4,28,Frecuente
51,1,58,Nuevo
29,2,0,Ocasional
55,2,3,Ocasional
18,5,27,Frecuente
48,5,17,Frecuente
21,1,25,Nuevo
62,2,39,Ocasional
22,2,18,Ocasional
47,4,54,Frecuente
41,3,54,Ocasional
20,4,59,Frecuente
28,0,56,Nuevo
62,6,5,Ocasional
21,4,0,Ocasional
43,1,7,Nuevo
44,3,32,Ocasional
63,1,50,Nuevo
60,6,42,Frecuente
44,0,20,Nuevo
59,3,23,Ocasional
23,5,24,Frecuente
32,2,46,Ocasional
47,4,54,Frecuente
59,1,56,Nuevo
54,0,42,Nuevo
54,2,18,Ocasional
59,4,28,Frecuente
54,2,52,Ocasional
52,4,9,Ocasional
40,5,55,Frecuente
23,3,11,Ocasional
21,2,32,Ocasional
35,2,55,Ocasional
26,2,6,Ocasional
46,3,16,Ocasional
30,0,57,Nuevo
64,4,59,Frecuente
34,5,9,Ocasional
62,2,30,Ocasional
49,6,59,Frecuente
39,3,5,Ocasional
21,0,16,Nuevo
22,4,49,Frecuente
54,3,36,Ocasional
58,5,17,Frecuente
30,5,25,Frecuente
51,4,48,Frecuente
62,2,53,Ocasional
39,5,15,Frecuente
40,0,7,Nuevo
20,3,23,Ocasional
59,0,12,Nuevo
51,2,28,Ocasional
49,0,31,Nuevo
62,0,23,Nuevo
38,1,15,Nuevo
63,0,10,Nuevo
61,4,31,Frecuente
38,3,5,Ocasional
61,1,58,Nuevo
28,3,34,Ocasional
56,3,32,Ocasional
21,2,17,Ocasional
18,2,36,Ocasional
45,1,12,Nuevo
41,5,9,Ocasional
52,6,36,Frecuente
30,2,25,Ocasional
64,6,45,Frecuente
51,2,16,Ocasional
28,2,0,Ocasional
53,3,24,Ocasional
34,1,33,Nuevo
52,3,38,Ocasional
35,4,9,Ocasional
57,3,19,Ocasional
39,6,6,Ocasional
41,6,55,Frecuente
36,4,15,Frecuente
54,0,36,Nuevo
56,0,28,Nuevo
38,4,59,Frecuente
25,4,11,Ocasional
45,3,16,Ocasional
22,4,47,Frecuente
34,1,19,Nuevo
54,0,25,Nuevo
53,0,47,Nuevo
36,5,18,Frecuente
44,4,57,Frecuente
51,2,46,Ocasional
28,2,11,Ocasional
62,4,20,Frecuente
64,1,41,Nuevo
29,2,57,Ocasional
38,5,53,Frecuente
28,6,33,Frecuente
56,4,6,Ocasional
45,1,44,Nuevo
22,1,34,Nuevo
34,3,14,Ocasional
37,1,0,Nuevo
58,2,25,Ocasional
63,6,34,Frecuente
29,2,24,Ocasional
23,4,41,Frecuente
34,6,58,Frecuente
36,4,58,Frecuente
43,1,14,Nuevo
61,5,21,Frecuente
61,0,58,Nuevo
49,6,5,Ocasional
23,3,51,Ocasional
53,0,14,Nuevo
55,1,23,Nuevo
28,1,20,Nuevo
50,0,6,Nuevo
41,3,56,Ocasional
40,6,28,Frecuente
32,6,31,Frecuente
44,0,31,Nuevo
28,4,52,Frecuente
34,2,58,Ocasional
31,5,4,Ocasional
44,4,3,Ocasional
35,6,21,Frecuente
45,2,17,Ocasional
64,5,34,Frecuente
64,5,16,Frecuente
21,5,49,Frecuente
24,1,49,Nuevo
62,5,55,Frecuente
52,3,23,Ocasional
26,0,1,Nuevo
25,6,12,Frecuente
62,3,53,Ocasional
34,0,14,Nuevo
34,4,4,Ocasional
50,4,2,Ocasional
49,0,36,Nuevo
25,3,36,Ocasional
36,0,36,Nuevo
55,5,2,Ocasional
20,1,34,Nuevo
22,6,51,Frecuente
30,4,22,Frecuente
64,6,59,Frecuente
63,1,27,Nuevo
48,5,59,Frecuente
33,5,29,Frecuente
49,4,17,Frecuente
39,4,57,Frecuente
46,5,51,Frecuente
39,2,35,Ocasional
60,6,32,Frecuente
20,1,25,Nuevo
27,6,47,Frecuente
59,1,39,Nuevo
38,2,16,Ocasional
33,3,39,Ocasional
29,1,6,Nuevo
19,6,56,Frecuente
58,0,7,Nuevo
41,5,52,Frecuente
52,5,55,Frecuente
47,2,30,Ocasional
47,1,58,Nuevo
64,3,57,Ocasional
52,1,11,Nuevo
36,5,47,Frecuente
25,4,30,Frecuente
43,0,43,Nuevo
57,2,18,Ocasional
24,4,9,Ocasional
47,6,38,Frecuente
24,3,11,Ocasional
20,4,19,Frecuente
18,6,36,Frecuente
53,4,47,Frecuente
42,3,40,Ocasional
54,4,6,Ocasional
18,2,51,Ocasional
32,5,53,Frecuente
54,1,57,Nuevo
30,4,13,Frecuente
57,2,10,Ocasional
25,1,6,Nuevo
22,6,28,Frecuente
26,1,9,Nuevo
18,6,28,Frecuente
53,4,8,Ocasional
52,2,35,Ocasional
19,5,47,Frecuente
57,4,9,Ocasional
40,6,18,Frecuente
26,3,55,Ocasional
51,1,30,Nuevo
63,4,16,Frecuente
31,6,8,Ocasional
21,1,44,Nuevo
47,6,32,Frecuente
48,2,33,Ocasional
55,0,44,Nuevo
28,4,23,Frecuente
52,5,8,Ocasional
25,4,6,Ocasional
20,1,15,Nuevo
31,2,18,Ocasional
30,6,38,Frecuente
62,3,5,Ocasional
49,5,49,Frecuente
51,2,50,Ocasional
62,4,10,Ocasional
36,3,11,Ocasional
55,2,57,Ocasional
33,0,41,Nuevo
19,5,12,Frecuente
57,1,11,Nuevo
34,2,20,Ocasional
51,2,9,Ocasional
59,0,19,Nuevo
33,4,49,Frecuente
55,6,35,Frecuente
19,6,27,Frecuente
19,5,23,Frecuente
43,5,4,Ocasional
30,1,36,Nuevo
64,2,59,Ocasional
48,3,11,Ocasional
51,2,57,Ocasional
56,6,34,Frecuente
20,1,39,Nuevo
25,2,53,Ocasional
40,0,1,Nuevo
31,6,49,Frecuente
44,2,40,Ocasional
46,2,44,Ocasional
56,6,38,Frecuente
56,3,41,Ocasional
18,6,8,Ocasional
34,0,21,Nuevo
58,0,46,Nuevo
47,2,4,Ocasional
30,5,11,Ocasional
38,3,0,Ocasional
36,2,43,Ocasional
36,6,21,Frecuente
42,2,37,Ocasional
39,1,50,Nuevo
48,1,18,Nuevo
34,5,15,Frecuente
40,3,30,Ocasional
49,4,50,Frecuente
27,1,2,Nuevo
27,4,22,Frecuente
53,0,41,Nuevo
25,1,58,Nuevo
37,1,17,Nuevo
49,3,25,Ocasional
31,5,12,Frecuente
45,4,57,Frecuente
63,6,17,Frecuente
41,1,2,Nuevo
32,1,57,Nuevo
39,3,59,Ocasional
47,3,22,Ocasional
21,5,2,Ocasional
30,4,54,Frecuente
40,0,24,Nuevo
25,6,26,Frecuente
35,5,57,Frecuente
29,0,43,Nuevo
48,2,26,Ocasional
31,1,51,Nuevo
51,4,38,Frecuente
35,5,24,Frecuente
51,1,23,Nuevo
28,4,7,Ocasional
58,4,8,Ocasional
29,4,45,Frecuente
32,1,36,Nuevo
48,5,29,Frecuente
46,6,52,Frecuente
43,3,18,Ocasional
35,1,52,Nuevo
49,4,15,Frecuente
39,5,23,Frecuente
55,6,43,Frecuente
34,2,20,Ocasional
40,0,35,Nuevo
41,4,39,Frecuente
25,2,38,Ocasional
58,3,46,Ocasional
23,6,5,Ocasional
22,6,4,Ocasional
61,4,13,Frecuente
46,6,52,Frecuente
45,2,44,Ocasional
28,4,41,Frecuente
18,1,49,Nuevo
60,5,3,Ocasional
36,2,7,Ocasional
26,5,23,Frecuente
44,1,10,Nuevo
51,1,16,Nuevo
61,5,49,Frecuente
21,2,20,Ocasional
53,5,56,Frecuente
35,5,25,Frecuente
32,0,42,Nuevo
30,2,47,Ocasional
36,0,43,Nuevo
23,4,44,Frecuente
29,6,26,Frecuente
54,5,15,Frecuente
34,4,54,Frecuente
40,2,25,Ocasional
43,5,52,Frecuente
46,6,32,Frecuente
50,4,30,Frecuente
44,3,47,Ocasional
42,1,46,Nuevo
27,5,5,Ocasional
64,6,43,Frecuente
40,1,7,Nuevo
38,0,6,Nuevo
38,4,33,Frecuente
60,0,43,Nuevo
30,6,52,Frecuente
54,5,13,Frecuente
50,1,15,Nuevo
41,1,42,Nuevo
61,4,51,Frecuente
28,5,8,Ocasional
34,3,9,Ocasional
21,3,16,Ocasional
64,4,11,Ocasional
42,5,5,Ocasional
47,4,18,Frecuente
26,5,42,Frecuente
38,6,40,Frecuente
37,6,52,Frecuente
36,0,28,Nuevo
36,4,5,Ocasional
29,5,58,Frecuente
54,3,24,Ocasional
59,5,56,Frecuente
34,6,23,Frecuente
54,5,24,Frecuente
56,4,15,Frecuente
45,0,51,Nuevo
58,0,15,Nuevo
52,0,5,Nuevo
64,0,36,Nuevo
35,6,20,Frecuente
31,2,3,Ocasional
52,4,33,Frecuente
61,1,27,Nuevo
58,4,37,Frecuente
24,2,40,Ocasional
58,0,27,Nuevo
30,2,16,Ocasional
35,3,13,Ocasional
54,3,6,Ocasional
30,6,21,Frecuente
53,4,50,Frecuente
48,4,0,Ocasional
19,1,28,Nuevo
33,6,51,Frecuente
26,1,30,Nuevo
26,3,29,Ocasional
55,0,56,Nuevo
28,2,14,Ocasional
39,1,17,Nuevo
50,5,34,Frecuente
53,1,49,Nuevo
62,0,29,Nuevo
40,0,33,Nuevo
62,4,41,Frecuente
62,2,10,Ocasional
51,0,26,Nuevo
26,6,23,Frecuente
41,1,34,Nuevo
25,1,38,Nuevo
24,3,7,Ocasional
53,0,50,Nuevo
35,5,17,Frecuente
20,4,12,Frecuente
45,2,44,Ocasional
23,5,23,Frecuente
61,4,50,Frecuente
61,1,22,Nuevo
38,5,11,Ocasional
45,4,48,Frecuente
57,1,29,Nuevo
18,1,30,Nuevo
53,1,27,Nuevo
38,1,21,Nuevo
60,6,43,Frecuente
52,1,27,Nuevo
30,3,12,Ocasional
27,5,24,Frecuente
61,4,43,Frecuente
64,3,50,Ocasional
27,6,45,Frecuente
63,3,6,Ocasional
30,0,44,Nuevo
54,0,5,Nuevo
55,0,23,Nuevo
41,2,18,Ocasional
19,0,18,Nuevo
39,4,35,Frecuente
34,3,50,Ocasional
53,4,8,Ocasional
31,5,47,Frecuente
27,0,58,Nuevo
52,6,35,Frecuente
42,2,37,Ocasional
20,5,39,Frecuente
64,6,58,Frecuente
55,2,28,Ocasional
34,5,23,Frecuente
29,3,47,Ocasional
41,4,4,Ocasional
46,1,52,Nuevo
60,4,53,Frecuente
42,0,41,Nuevo
53,6,54,Frecuente
43,1,44,Nuevo
55,2,25,Ocasional
18,3,13,Ocasional
37,3,38,Ocasional
45,2,28,Ocasional
33,0,51,Nuevo
64,2,5,Ocasional
34,5,6,Ocasional
57,6,36,Frecuente
45,6,52,Frecuente
29,0,17,Nuevo
44,1,22,Nuevo
59,2,43,Ocasional
64,0,37,Nuevo
47,6,58,Frecuente
58,1,0,Nuevo
51,2,3,Ocasional
54,3,50,Ocasional
23,2,43,Ocasional
24,4,46,Frecuente
49,2,34,Ocasional
49,4,22,Frecuente
42,1,26,Nuevo
50,2,59,Ocasional
24,1,25,Nuevo
29,1,51,Nuevo
33,6,59,Frecuente
33,0,7,Nuevo
60,1,42,Nuevo
53,1,15,Nuevo
30,6,40,Frecuente
24,6,2,Ocasional
53,2,31,Ocasional
64,6,4,Ocasional
26,2,19,Ocasional
49,3,13,Ocasional
28,6,59,Frecuente
25,0,31,Nuevo
50,1,25,Nuevo
40,0,46,Nuevo
42,4,5,Ocasional
25,6,58,Frecuente
62,1,57,Nuevo
39,0,35,Nuevo
21,6,39,Frecuente
57,6,50,Frecuente
20,3,58,Ocasional
46,3,4,Ocasional
58,1,12,Nuevo
46,4,31,Frecuente
51,3,15,Ocasional
51,3,0,Ocasional
45,4,12,Frecuente
30,0,53,Nuevo
32,3,10,Ocasional
40,2,52,Ocasional
61,5,7,Ocasional
43,5,24,Frecuente
21,3,39,Ocasional
43,0,31,Nuevo
57,6,23,Frecuente
26,0,27,Nuevo
22,1,13,Nuevo
49,2,44,Ocasional
37,0,2,Nuevo
28,4,35,Frecuente
32,2,26,Ocasional
49,5,19,Frecuente
45,2,46,Ocasional
39,4,14,Frecuente
58,3,26,Ocasional
34,4,52,Frecuente
43,4,44,Frecuente
61,3,40,Ocasional
24,3,27,Ocasional
59,3,24,Ocasional
43,3,41,Ocasional
42,3,43,Ocasional
27,4,45,Frecuente
62,1,32,Nuevo
36,1,45,Nuevo
28,0,13,Nuevo
30,1,7,Nuevo
25,5,47,Frecuente
57,1,13,Nuevo
21,4,0,Ocasional
64,3,15,Ocasional
48,3,17,Ocasional
45,6,6,Ocasional
28,6,14,Frecuente
60,6,23,Frecuente
18,4,48,Frecuente
64,5,50,Frecuente
55,1,54,Nuevo
41,4,12,Frecuente
64,0,8,Nuevo
48,3,55,Ocasional
58,6,55,Frecuente
63,2,14,Ocasional
43,0,56,Nuevo
22,6,57,Frecuente
37,5,34,Frecuente
58,0,23,Nuevo
28,4,32,Frecuente
50,1,15,Nuevo
55,3,7,Ocasional
44,5,28,Frecuente
51,5,22,Frecuente
32,2,44,Ocasional
49,0,30,Nuevo
38,2,39,Ocasional
63,1,48,Nuevo
22,6,53,Frecuente
23,1,54,Nuevo
55,6,13,Frecuente
39,2,58,Ocasional
35,3,52,Ocasional
31,1,29,Nuevo
27,2,52,Ocasional
63,0,38,Nuevo
30,2,26,Ocasional
48,2,46,Ocasional
47,4,15,Frecuente
20,1,50,Nuevo
47,3,5,Ocasional
23,3,54,Ocasional
46,4,32,Frecuente
25,6,43,Frecuente
61,5,17,Frecuente
62,6,15,Frecuente
60,3,11,Ocasional
61,2,19,Ocasional
50,4,44,Frecuente
34,0,39,Nuevo
28,1,58,Nuevo
30,1,28,Nuevo
28,1,29,Nuevo
48,2,25,Ocasional
45,0,21,Nuevo
61,4,32,Frecuente
23,4,57,Frecuente
58,1,52,Nuevo
33,0,38,Nuevo
21,0,46,Nuevo
52,0,28,Nuevo
43,3,21,Ocasional
29,3,44,Ocasional
28,1,12,Nuevo
54,0,59,Nuevo
42,5,8,Ocasional
35,0,23,Nuevo
36,4,14,Frecuente
40,4,35,Frecuente
55,1,12,Nuevo
35,5,26,Frecuente
43,0,43,Nuevo
23,6,36,Frecuente
21,5,6,Ocasional
61,1,7,Nuevo
46,4,36,Frecuente
51,6,40,Frecuente
34,4,13,Frecuente
60,3,57,Ocasional
60,1,11,Nuevo
33,1,35,Nuevo
19,0,51,Nuevo
51,0,39,Nuevo
25,3,16,Ocasional
30,6,39,Frecuente
59,2,52,Ocasional
25,5,28,Frecuente
47,2,26,Ocasional
49,2,0,Ocasional
53,1,51,Nuevo
64,5,33,Frecuente
47,1,3,Nuevo
18,5,23,Frecuente
60,4,20,Frecuente
56,1,32,Nuevo
34,1,6,Nuevo
37,1,0,Nuevo
41,6,40,Frecuente
39,3,2,Ocasional
46,1,43,Nuevo
39,0,50,Nuevo
61,0,14,Nuevo
26,5,30,Frecuente
54,4,53,Frecuente
27,3,15,Ocasional
53,6,9,Ocasional
54,5,53,Frecuente
45,0,28,Nuevo
45,3,58,Ocasional
59,3,58,Ocasional
60,4,5,Ocasional
38,3,28,Ocasional
41,1,16,Nuevo
59,3,52,Ocasional
57,4,59,Frecuente
19,5,21,Frecuente
25,4,23,Frecuente
44,6,16,Frecuente
39,4,20,Frecuente
54,0,50,Nuevo
44,1,49,Nuevo
46,0,10,Nuevo
20,5,55,Frecuente
61,2,6,Ocasional
30,5,41,Frecuente
62,1,38,Nuevo
27,3,4,Ocasional
53,4,43,Frecuente
26,2,47,Ocasional
44,1,56,Nuevo
51,0,20,Nuevo
18,4,17,Frecuente
49,5,34,Frecuente
42,0,19,Nuevo
46,1,14,Nuevo
24,1,4,Nuevo
20,5,12,Frecuente
37,2,50,Ocasional
37,5,11,Ocasional
47,3,54,Ocasional
52,0,20,Nuevo
52,2,36,Ocasional
56,4,5,Ocasional
44,6,6,Ocasional
43,3,25,Ocasional
31,2,41,Ocasional
34,6,47,Frecuente
35,6,7,Ocasional
62,0,8,Nuevo
46,1,26,Nuevo
37,4,3,Ocasional
44,5,20,Frecuente
35,0,30,Nuevo
21,3,20,Ocasional
18,6,39,Frecuente
18,3,24,Ocasional
43,6,38,Frecuente
62,1,14,Nuevo
37,1,52,Nuevo
40,4,34,Frecuente
27,5,48,Frecuente
28,4,42,Frecuente
58,1,40,Nuevo
58,1,36,Nuevo
22,3,56,Ocasional
18,1,41,Nuevo
34,2,46,Ocasional
39,6,27,Frecuente
51,0,13,Nuevo
62,1,3,Nuevo
58,4,52,Frecuente
46,5,19,Frecuente
21,6,33,Frecuente
22,6,11,Ocasional
28,5,32,Frecuente
38,5,23,Frecuente
52,6,19,Frecuente
29,2,4,Ocasional
43,4,37,Frecuente
36,2,29,Ocasional
62,1,23,Nuevo
24,0,42,Nuevo
64,5,39,Frecuente
24,4,6,Ocasional
43,5,35,Frecuente
57,2,37,Ocasional
22,3,15,Ocasional
38,1,51,Nuevo
31,0,14,Nuevo
21,1,45,Nuevo
40,3,22,Ocasional
59,0,11,Nuevo
37,3,28,Ocasional
32,1,43,Nuevo
62,2,47,Ocasional
46,6,14,Frecuente
25,1,28,Nuevo
58,1,44,Nuevo
36,1,42,Nuevo
56,4,48,Frecuente
63,3,20,Ocasional
45,3,14,Ocasional
63,5,13,Frecuente
44,3,41,Ocasional
21,5,43,Frecuente
32,4,15,Frecuente
52,2,14,Ocasional
54,5,41,Frecuente
18,1,3,Nuevo
20,2,26,Ocasional
64,6,22,Frecuente
41,4,28,Frecuente
44,3,40,Ocasional
57,5,52,Frecuente
53,1,51,Nuevo
51,0,8,Nuevo
46,6,52,Frecuente
41,0,56,Nuevo
41,2,55,Ocasional
59,3,51,Ocasional
21,0,42,Nuevo
20,2,42,Ocasional
51,4,6,Ocasional
40,2,52,Ocasional
40,6,41,Frecuente
62,2,3,Ocasional
22,6,4,Ocasional
48,2,4,Ocasional
58,1,10,Nuevo
23,2,40,Ocasional
54,5,27,Frecuente
27,2,15,Ocasional
57,1,40,Nuevo
24,1,53,Nuevo
56,4,29,Frecuente
55,6,3,Ocasional
38,3,1,Ocasional
37,0,45,Nuevo
20,0,2,Nuevo
39,2,49,Ocasional
64,4,20,Frecuente
21,2,5,Ocasional
45,0,42,Nuevo
29,6,52,Frecuente
55,6,17,Frecuente
53,6,43,Frecuente
64,1,4,Nuevo
58,3,8,Ocasional
22,4,19,Frecuente
30,1,27,Nuevo
40,3,25,Ocasional
47,4,17,Frecuente
54,4,18,Frecuente
42,0,2,Nuevo
44,1,8,Nuevo
31,4,35,Frecuente
64,5,30,Frecuente
53,6,48,Frecuente
56,4,16,Frecuente
33,3,54,Ocasional
39,0,22,Nuevo
38,2,33,Ocasional
38,6,40,Frecuente
25,0,40,Nuevo
33,2,4,Ocasional
48,1,14,Nuevo
59,1,46,Nuevo
27,4,2,Ocasional
49,5,18,Frecuente
51,1,27,Nuevo
26,4,2,Ocasional
34,6,37,Frecuente
28,0,3,Nuevo
49,1,23,Nuevo
27,0,30,Nuevo
39,0,44,Nuevo
34,5,58,Frecuente
21,1,44,Nuevo
64,0,58,Nuevo
42,5,10,Ocasional
38,5,36,Frecuente
54,1,0,Nuevo
55,5,8,Ocasional
18,1,16,Nuevo
42,1,53,Nuevo
53,2,0,Ocasional
34,0,2,Nuevo
58,3,46,Ocasional
41,1,25,Nuevo
19,0,52,Nuevo
57,6,30,Frecuente
32,5,25,Frecuente
49,4,22,Frecuente
56,1,29,Nuevo
23,5,9,Ocasional
18,5,7,Ocasional
64,5,43,Frecuente
40,5,24,Frecuente
56,5,21,Frecuente
34,1,14,Nuevo
51,6,58,Frecuente
58,3,40,Ocasional
46,2,55,Ocasional
26,5,56,Frecuente
30,5,9,Ocasional
23,2,19,Ocasional
23,6,40,Frecuente
37,6,46,Frecuente
20,1,22,Nuevo
34,0,52,Nuevo
29,4,52,Frecuente
64,4,0,Ocasional
62,0,1,Nuevo
18,1,57,Nuevo
34,4,18,Frecuente
20,6,13,Frecuente
43,2,7,Ocasional
32,0,37,Nuevo
53,6,11,Ocasional
49,3,25,Ocasional
49,1,26,Nuevo
21,0,28,Nuevo
35,4,14,Frecuente
36,1,45,Nuevo
60,2,52,Ocasional
52,1,0,Nuevo
57,1,59,Nuevo
31,2,42,Ocasional
50,5,27,Frecuente
31,2,56,Ocasional
51,6,2,Ocasional
21,1,50,Nuevo
41,2,17,Ocasional
46,5,51,Frecuente
36,6,59,Frecuente
23,0,33,Nuevo
50,2,31,Ocasional
57,2,28,Ocasional
36,1,24,Nuevo
18,6,59,Frecuente
22,0,25,Nuevo
44,3,38,Ocasional
33,3,7,Ocasional
23,4,18,Frecuente
57,2,53,Ocasional
30,2,46,Ocasional
52,0,41,Nuevo
36,5,21,Frecuente
29,3,28,Ocasional
33,4,32,Frecuente
60,0,37,Nuevo
27,2,44,Ocasional
42,3,45,Ocasional
37,6,34,Frecuente
48,4,42,Frecuente
21,1,2,Nuevo
61,3,18,Ocasional
40,4,9,Ocasional
19,0,26,Nuevo
39,1,14,Nuevo
54,4,10,Ocasional
25,4,46,Frecuente
24,2,25,Ocasional
31,5,58,Frecuente
20,3,23,Ocasional
33,2,12,Ocasional
36,6,31,Frecuente
35,1,36,Nuevo
33,5,3,Ocasional
25,4,12,Frecuente
50,2,8,Ocasional
29,5,56,Frecuente
28,6,48,Frecuente
22,3,33,Ocasional
44,6,55,Frecuente
29,1,36,Nuevo
34,0,47,Nuevo
23,2,6,Ocasional
50,1,0,Nuevo
22,0,59,Nuevo
45,2,57,Ocasional
31,1,11,Nuevo
22,6,20,Frecuente
50,1,10,Nuevo
58,5,43,Frecuente
36,6,50,Frecuente
39,2,57,Ocasional
22,1,43,Nuevo
19,4,43,Frecuente
47,2,13,Ocasional
64,1,33,Nuevo
56,5,33,Frecuente
21,0,24,Nuevo
50,0,3,Nuevo
30,4,51,Frecuente
37,2,54,Ocasional
24,5,25,Frecuente
32,1,15,Nuevo
40,1,9,Nuevo
31,0,44,Nuevo
40,5,1,Ocasional
36,6,34,Frecuente
46,4,18,Frecuente
37,0,5,Nuevo
46,0,18,Nuevo
41,4,58,Frecuente
35,2,52,Ocasional
27,1,51,Nuevo
58,2,50,Ocasional
25,5,7,Ocasional
43,6,13,Frecuente
46,3,9,Ocasional
27,3,2,Ocasional
34,3,37,Ocasional
19,4,28,Frecuente
23,0,14,Nuevo
22,6,22,Frecuente
45,2,22,Ocasional
58,1,17,Nuevo
22,3,45,Ocasional
35,2,18,Ocasional
43,3,27,Ocasional
37,6,25,Frecuente
58,3,9,Ocasional
44,1,46,Nuevo
29,5,3,Ocasional
24,5,54,Frecuente
20,6,1,Ocasional
27,5,2,Ocasional
51,4,6,Ocasional
42,0,54,Nuevo
52,4,15,Frecuente
33,2,30,Ocasional
19,4,9,Ocasional
41,2,18,Ocasional
27,2,27,Ocasional
55,0,16,Nuevo
39,1,27,Nuevo
43,6,18,Frecuente
60,0,36,Nuevo
56,6,22,Frecuente
44,5,19,Frecuente
46,5,12,Frecuente
64,4,12,Frecuente
55,2,42,Ocasional
37,3,10,Ocasional
44,3,47,Ocasional
58,6,14,Frecuente
37,2,16,Ocasional
61,6,53,Frecuente
36,0,49,Nuevo
37,1,27,Nuevo
52,0,18,Nuevo
64,2,3,Ocasional
19,2,21,Ocasional
47,1,21,Nuevo
51,6,54,Frecuente
39,4,36,Frecuente
20,4,38,Frecuente
23,1,33,Nuevo
32,4,32,Frecuente
44,3,43,Ocasional
27,4,41,Frecuente
26,4,39,Frecuente
50,4,32,Frecuente
49,3,11,Ocasional
23,6,1,Ocasional
58,4,58,Frecuente
53,5,27,Frecuente
19,3,9,Ocasional
46,1,21,Nuevo
21,0,16,Nuevo
18,1,25,Nuevo
36,0,2,Nuevo
43,1,6,Nuevo
42,5,43,Frecuente
27,0,7,Nuevo
32,0,19,Nuevo
39,2,11,Ocasional
38,0,34,Nuevo
39,0,16,Nuevo
53,2,27,Ocasional
51,4,40,Frecuente
47,4,9,Ocasional
42,2,21,Ocasional
62,3,37,Ocasional
45,0,56,Nuevo
18,0,32,Nuevo
62,2,21,Ocasional
21,2,43,Ocasional
24,3,36,Ocasional
26,5,12,Frecuente
53,4,26,Frecuente
36,1,14,Nuevo
18,5,21,Frecuente
27,6,29,Frecuente
53,4,42,Frecuente
26,0,39,Nuevo
62,6,36,Frecuente
63,5,33,Frecuente
59,2,43,Ocasional
49,3,59,Ocasional
49,4,33,Frecuente
23,3,57,Ocasional
55,6,47,Frecuente
34,4,52,Frecuente
27,5,34,Frecuente
44,0,41,Nuevo
52,1,18,Nuevo
38,3,7,Ocasional
42,3,38,Ocasional
45,1,32,Nuevo
64,3,43,Ocasional
32,3,27,Ocasional
21,4,36,Frecuente
46,4,47,Frecuente
26,1,24,Nuevo
44,6,35,Frecuente
43,0,16,Nuevo
36,5,23,Frecuente
45,5,20,Frecuente
34,6,1,Ocasional
60,3,30,Ocasional
58,0,43,Nuevo
59,1,32,Nuevo
37,6,29,Frecuente
62,1,11,Nuevo
57,4,43,Frecuente
56,3,11,Ocasional
40,2,50,Ocasional
64,1,56,Nuevo
49,6,48,Frecuente
64,3,51,Ocasional
50,0,23,Nuevo
63,6,23,Frecuente
22,4,57,Frecuente
60,5,59,Frecuente
51,0,10,Nuevo
57,1,12,Nuevo
28,1,26,Nuevo
20,0,7,Nuevo
50,1,9,Nuevo
28,6,7,Ocasional
33,3,19,Ocasional
35,1,7,Nuevo
47,4,8,Ocasional
27,3,6,Ocasional
35,6,13,Frecuente
55,2,27,Ocasional
36,1,1,Nuevo
53,1,56,Nuevo
30,4,42,Frecuente
63,6,7,Ocasional
20,4,12,Frecuente
27,5,20,Frecuente
55,6,46,Frecuente
18,0,27,Nuevo
44,0,34,Nuevo
63,0,22,Nuevo
25,4,45,Frecuente
63,0,14,Nuevo
59,6,1,Ocasional
34,0,50,Nuevo
26,2,11,Ocasional
23,0,56,Nuevo
60,1,51,Nuevo
42,5,35,Frecuente
56,4,2,Ocasional
45,3,4,Ocasional
50,5,2,Ocasional
54,2,56,Ocasional
26,4,46,Frecuente
35,6,18,Frecuente
38,4,1,Ocasional
19,1,43,Nuevo
60,6,36,Frecuente
55,5,53,Frecuente
57,5,16,Frecuente
53,0,13,Nuevo
60,6,27,Frecuente
54,1,26,Nuevo
32,0,53,Nuevo
45,0,9,Nuevo
35,4,2,Ocasional
51,5,35,Frecuente
39,0,37,Nuevo
28,2,55,Ocasional
30,2,24,Ocasional
21,5,21,Frecuente
39,2,47,Ocasional
24,4,38,Frecuente
60,1,46,Nuevo
41,3,29,Ocasional
21,0,20,Nuevo
45,3,29,Ocasional
32,1,27,Nuevo
18,1,30,Nuevo
20,4,56,Frecuente
31,2,51,Ocasional
55,2,25,Ocasional
18,1,42,Nuevo
55,4,21,Frecuente
55,4,20,Frecuente
38,5,0,Ocasional
46,6,36,Frecuente
22,0,12,Nuevo
27,6,20,Frecuente
45,2,45,Ocasional
38,1,8,Nuevo
24,5,16,Frecuente
20,3,46,Ocasional
62,2,20,Ocasional
64,0,30,Nuevo
37,4,38,Frecuente
36,1,58,Nuevo
52,2,53,Ocasional
21,3,21,Ocasional
22,0,11,Nuevo
18,0,54,Nuevo
21,5,5,Ocasional
29,2,52,Ocasional
44,3,15,Ocasional
59,0,25,Nuevo
40,1,4,Nuevo
42,0,8,Nuevo
38,3,45,Ocasional
41,4,39,Frecuente
42,4,13,Frecuente
62,5,43,Frecuente
63,2,41,Ocasional
49,3,29,Ocasional
49,5,51,Frecuente
22,6,51,Frecuente
53,0,25,Nuevo
63,6,52,Frecuente
59,0,44,Nuevo
59,4,28,Frecuente
56,5,18,Frecuente
33,4,46,Frecuente
50,1,7,Nuevo
38,6,22,Frecuente
26,6,52,Frecuente
23,4,41,Frecuente
62,1,34,Nuevo
52,0,30,Nuevo
56,5,52,Frecuente
39,1,34,Nuevo
58,5,31,Frecuente
22,6,57,Frecuente
59,5,4,Ocasional
40,6,15,Frecuente
34,1,16,Nuevo
29,6,31,Frecuente
40,2,37,Ocasional
33,6,57,Frecuente
20,4,31,Frecuente
47,1,51,Nuevo
39,0,19,Nuevo
26,5,47,Frecuente
46,3,55,Ocasional
64,1,1,Nuevo
54,4,19,Frecuente
40,6,46,Frecuente
30,5,17,Frecuente
49,2,0,Ocasional
63,0,57,Nuevo
64,2,28,Ocasional
40,3,28,Ocasional
62,1,18,Nuevo
34,5,43,Frecuente
57,1,39,Nuevo
38,4,5,Ocasional
19,1,43,Nuevo
54,0,38,Nuevo
23,3,49,Ocasional
61,2,53,Ocasional
35,3,45,Ocasional
47,5,7,Ocasional
39,1,23,Nuevo
50,5,19,Frecuente
47,2,53,Ocasional
34,5,13,Frecuente
60,4,4,Ocasional
49,3,40,Ocasional
59,2,39,Ocasional
31,2,33,Ocasional
27,6,59,Frecuente
64,2,15,Ocasional
53,6,44,Frecuente
51,0,6,Nuevo
26,6,15,Frecuente
59,3,6,Ocasional
45,5,26,Frecuente
28,6,13,Frecuente
31,2,13,Ocasional
56,3,43,Ocasional
64,6,32,Frecuente
36,6,32,Frecuente
32,2,43,Ocasional
45,4,19,Frecuente
41,4,52,Frecuente
25,6,46,Frecuente
60,4,35,Frecuente
26,1,6,Nuevo
64,2,31,Ocasional
50,1,47,Nuevo
50,3,2,Ocasional
36,1,38,Nuevo
20,3,28,Ocasional
27,6,23,Frecuente
57,3,21,Ocasional
64,3,5,Ocasional
59,5,47,Frecuente
18,1,23,Nuevo
46,5,39,Frecuente
51,6,22,Frecuente
30,2,53,Ocasional
18,1,37,Nuevo
51,2,9,Ocasional
46,2,15,Ocasional
64,3,10,Ocasional
30,1,31,Nuevo
46,2,44,Ocasional
56,4,5,Ocasional
41,2,23,Ocasional
43,4,32,Frecuente
34,1,52,Nuevo
24,6,50,Frecuente
30,5,11,Ocasional
22,1,55,Nuevo
43,5,26,Frecuente
20,5,37,Frecuente
24,1,17,Nuevo
56,2,44,Ocasional
18,0,38,Nuevo
34,2,54,Ocasional
60,2,12,Ocasional
42,6,52,Frecuente
20,3,39,Ocasional
32,3,29,Ocasional
46,2,52,Ocasional
60,4,48,Frecuente
49,6,40,Frecuente
43,5,51,Frecuente
33,3,12,Ocasional
42,2,33,Ocasional
45,6,35,Frecuente
26,0,29,Nuevo
18,4,24,Frecuente
46,1,1,Nuevo
39,2,35,Ocasional
33,6,17,Frecuente
58,2,4,Ocasional
61,5,18,Frecuente
58,4,41,Frecuente
24,3,17,Ocasional
31,3,56,Ocasional
46,3,31,Ocasional
36,1,20,Nuevo
36,6,9,Ocasional
19,4,36,Frecuente
58,4,48,Frecuente
62,3,21,Ocasional
32,3,12,Ocasional
20,5,54,Frecuente
28,0,16,Nuevo
63,0,8,Nuevo
47,2,23,Ocasional
57,2,43,Ocasional
35,4,13,Frecuente
19,4,45,Frecuente
49,1,7,Nuevo
25,1,54,Nuevo
39,0,36,Nuevo
23,2,18,Ocasional
29,0,27,Nuevo
64,0,45,Nuevo
57,2,40,Ocasional
53,6,29,Frecuente
32,1,6,Nuevo
45,5,58,Frecuente
62,5,57,Frecuente
35,5,25,Frecuente
19,2,39,Ocasional
30,3,45,Ocasional
62,3,53,Ocasional
32,3,59,Ocasional
37,4,45,Frecuente
46,1,10,Nuevo
59,1,13,Nuevo
46,6,20,Frecuente
20,6,7,Ocasional
36,4,2,Ocasional
20,0,27,Nuevo
31,6,28,Frecuente
57,5,22,Frecuente
21,3,17,Ocasional
28,5,34,Frecuente
48,3,12,Ocasional
60,5,11,Ocasional
49,0,46,Nuevo
44,5,49,Frecuente
47,5,4,Ocasional
60,2,38,Ocasional
19,5,10,Ocasional
26,2,57,Ocasional
45,1,58,Nuevo
48,4,10,Ocasional
51,5,58,Frecuente
32,1,46,Nuevo
42,6,41,Frecuente
53,6,46,Frecuente
25,2,30,Ocasional
26,5,30,Frecuente
54,5,12,Frecuente
62,0,13,Nuevo
56,1,48,Nuevo
49,3,44,Ocasional
34,3,41,Ocasional
52,0,24,Nuevo
54,2,32,Ocasional
36,3,32,Ocasional
61,3,14,Ocasional
46,6,15,Frecuente
24,6,43,Frecuente
45,4,57,Frecuente
26,1,55,Nuevo
45,2,37,Ocasional
23,5,5,Ocasional
46,1,43,Nuevo
34,2,24,Ocasional
33,3,14,Ocasional
40,4,3,Ocasional
48,1,55,Nuevo
20,3,3,Ocasional
38,2,29,Ocasional
43,1,33,Nuevo
53,5,26,Frecuente
59,1,30,Nuevo
54,3,55,Ocasional
39,1,31,Nuevo
59,5,43,Frecuente
29,4,38,Frecuente
59,4,51,Frecuente
30,3,8,Ocasional
28,2,40,Ocasional
33,3,7,Ocasional
25,4,13,Frecuente
57,0,32,Nuevo
57,0,22,Nuevo
62,1,20,Nuevo
19,5,54,Frecuente
47,6,11,Ocasional
47,6,56,Frecuente
29,6,1,Ocasional
27,1,12,Nuevo
61,0,58,Nuevo
28,4,3,Ocasional
32,1,19,Nuevo
33,6,49,Frecuente
34,6,50,Frecuente
43,3,47,Ocasional
19,6,58,Frecuente
29,5,13,Frecuente
43,6,29,Frecuente
40,3,28,Ocasional
35,6,7,Ocasional
49,5,11,Ocasional
55,4,40,Frecuente
64,1,37,Nuevo
20,5,25,Frecuente
55,3,49,Ocasional
20,1,1,Nuevo
47,1,54,Nuevo
18,3,39,Ocasional
47,0,55,Nuevo
62,6,13,Frecuente
49,5,5,Ocasional
45,3,41,Ocasional
38,4,39,Frecuente
63,2,30,Ocasional
30,3,16,Ocasional
44,6,24,Frecuente
53,6,31,Frecuente
24,1,11,Nuevo
39,1,48,Nuevo
27,3,12,Ocasional
56,2,18,Ocasional
32,3,43,Ocasional
32,2,47,Ocasional
21,2,24,Ocasional
49,6,30,Frecuente
40,6,58,Frecuente
23,6,36,Frecuente
41,4,24,Frecuente
37,6,15,Frecuente
54,5,56,Frecuente
37,1,37,Nuevo
29,1,42,Nuevo
50,2,48,Ocasional
45,1,57,Nuevo
25,0,22,Nuevo
18,2,13,Ocasional
54,1,5,Nuevo
39,0,24,Nuevo
23,4,22,Frecuente
38,1,59,Nuevo
49,0,42,Nuevo
52,3,11,Ocasional
32,5,12,Frecuente
22,3,35,Ocasional
63,0,38,Nuevo
23,2,33,Ocasional
42,6,5,Ocasional
63,6,37,Frecuente
57,6,49,Frecuente
46,2,51,Ocasional
24,1,39,Nuevo
57,6,7,Ocasional
30,3,7,Ocasional
55,2,39,Ocasional
35,2,32,Ocasional
19,6,33,Frecuente
25,3,43,Ocasional
28,4,14,Frecuente
50,2,35,Ocasional
55,6,59,Frecuente
44,5,56,Frecuente
37,0,34,Nuevo
29,1,45,Nuevo
60,2,21,Ocasional
48,5,22,Frecuente
44,5,39,Frecuente
49,2,44,Ocasional
27,4,54,Frecuente
20,0,50,Nuevo
62,1,21,Nuevo
44,2,4,Ocasional
52,1,30,Nuevo
48,3,12,Ocasional
32,5,27,Frecuente
33,5,57,Frecuente
30,2,19,Ocasional
52,2,32,Ocasional
28,3,15,Ocasional
38,4,28,Frecuente
28,2,22,Ocasional
47,5,23,Frecuente
52,1,33,Nuevo
39,0,6,Nuevo
55,6,37,Frecuente
48,1,36,Nuevo
31,4,3,Ocasional
41,0,33,Nuevo
49,1,41,Nuevo
53,1,21,Nuevo
49,3,4,Ocasional
32,6,49,Frecuente
60,4,41,Frecuente
52,5,22,Frecuente
20,3,53,Ocasional
33,0,59,Nuevo
22,6,14,Frecuente
38,5,30,Frecuente
27,3,58,Ocasional
36,6,8,Ocasional
